date,bookings,check_in,checkout,time_spent
5/5/2022,TRUE,17:29,,2
5/3/2022,TRUE,8:02,,2
5/3/2022,TRUE,,,0
5/4/2022,TRUE,14:12,,3
5/6/2022,TRUE,13:23,,1
5/5/2022,TRUE,16:38,,2
5/5/2022,TRUE,11:14,,2
5/2/2022,TRUE,15:55,,1
5/19/2022,TRUE,9:19,,3
5/19/2022,TRUE,12:59,,3
5/17/2022,TRUE,13:19,,1
5/19/2022,TRUE,16:27,,2
5/19/2022,TRUE,,,0
5/19/2022,TRUE,8:45,,1
5/19/2022,TRUE,11:42,,1
5/17/2022,TRUE,10:49,,2
5/18/2022,TRUE,10:04,,3
5/19/2022,TRUE,17:49,,1
5/19/2022,TRUE,18:33,,3
5/17/2022,TRUE,17:56,,1
5/18/2022,TRUE,14:54,,2
5/20/2022,TRUE,9:58,,2
5/18/2022,TRUE,18:58,,2
5/20/2022,TRUE,9:21,,1
5/16/2022,TRUE,,15:06,0
5/19/2022,TRUE,12:39,,2
5/17/2022,TRUE,13:04,,1
5/19/2022,TRUE,,16:29,0
5/20/2022,TRUE,19:25,,2
5/19/2022,TRUE,17:09,,1
5/18/2022,TRUE,17:26,,2
5/20/2022,TRUE,,,0
5/18/2022,TRUE,13:49,,1
5/20/2022,TRUE,14:53,,3
5/20/2022,TRUE,17:07,,1
5/17/2022,TRUE,18:09,,2
5/16/2022,TRUE,15:14,,1
5/16/2022,TRUE,14:28,,1
5/17/2022,TRUE,19:01,,3
5/19/2022,TRUE,11:34,,1
5/19/2022,TRUE,12:13,,3
5/20/2022,TRUE,8:26,,2
5/20/2022,TRUE,12:48,,3
5/18/2022,TRUE,13:32,,3
5/16/2022,TRUE,19:01,,2
5/18/2022,TRUE,18:10,,1
5/17/2022,TRUE,17:43,,1
5/16/2022,TRUE,12:56,,3
5/17/2022,TRUE,11:19,,2
5/17/2022,TRUE,10:09,19:25,3
5/16/2022,TRUE,11:23,,3
5/17/2022,TRUE,19:00,,3
5/16/2022,TRUE,19:27,,3
5/16/2022,TRUE,12:50,15:14,3
5/19/2022,TRUE,11:37,,1
5/19/2022,TRUE,9:53,20:33,2
5/19/2022,TRUE,,,0
5/17/2022,TRUE,,13:05,0
5/16/2022,TRUE,9:24,,2
5/17/2022,TRUE,12:00,,3
5/18/2022,TRUE,,,0
5/16/2022,TRUE,12:52,,3
5/19/2022,TRUE,8:32,17:38,3
5/20/2022,TRUE,,,0
5/17/2022,TRUE,20:42,,2
5/16/2022,TRUE,12:29,,1
5/19/2022,TRUE,12:19,,1
5/20/2022,TRUE,19:18,,3
5/18/2022,TRUE,11:24,,2
5/20/2022,TRUE,8:08,,3
5/19/2022,TRUE,18:12,,2
5/18/2022,TRUE,13:28,,1
5/17/2022,TRUE,19:48,15:18,3
5/20/2022,TRUE,18:23,,2
5/16/2022,TRUE,,,0
5/19/2022,TRUE,17:49,,3
5/18/2022,TRUE,15:24,,1
5/17/2022,TRUE,,,0
5/19/2022,TRUE,,14:30,0
5/20/2022,TRUE,9:24,,1
5/19/2022,TRUE,17:54,,3
5/18/2022,TRUE,8:49,,3
5/16/2022,TRUE,9:58,,2
5/16/2022,TRUE,11:19,,2
5/17/2022,TRUE,12:25,,1
5/20/2022,TRUE,16:55,,3
5/20/2022,TRUE,11:44,12:38,3
5/19/2022,TRUE,8:30,,1
5/20/2022,TRUE,11:30,,3
5/20/2022,TRUE,13:28,,1
5/20/2022,TRUE,15:33,,2
5/19/2022,TRUE,,,0
5/19/2022,TRUE,16:04,,2
5/18/2022,TRUE,8:04,,3
5/16/2022,TRUE,,15:29,0
5/18/2022,TRUE,17:53,,3
5/20/2022,TRUE,17:54,,3
5/18/2022,TRUE,8:52,,1
5/18/2022,TRUE,18:44,,3
5/16/2022,TRUE,17:57,,2
5/17/2022,TRUE,13:52,,3
5/18/2022,TRUE,14:01,,2
5/19/2022,TRUE,16:34,,2
5/18/2022,TRUE,8:42,,2
5/18/2022,TRUE,15:03,,3
5/17/2022,TRUE,14:46,,3
5/20/2022,TRUE,16:04,,3
5/19/2022,TRUE,18:52,,3
5/17/2022,TRUE,11:24,,3
5/20/2022,TRUE,11:32,,1
5/20/2022,TRUE,8:02,,1
5/18/2022,TRUE,11:58,,3
5/19/2022,TRUE,12:13,,3
5/20/2022,TRUE,15:06,,3
5/19/2022,TRUE,13:05,,3
5/16/2022,TRUE,14:05,,2
5/17/2022,TRUE,8:12,,3
5/19/2022,TRUE,14:25,,2
5/16/2022,TRUE,15:28,,2
5/16/2022,TRUE,18:50,,3
5/17/2022,TRUE,,,0
5/19/2022,TRUE,14:32,,2
5/17/2022,TRUE,18:06,13:30,3
5/17/2022,TRUE,,,0
5/19/2022,TRUE,,,0
5/20/2022,TRUE,8:17,,3
5/18/2022,TRUE,20:24,,1
5/18/2022,TRUE,15:57,,2
5/17/2022,TRUE,14:53,,1
5/20/2022,TRUE,16:44,,3
5/18/2022,TRUE,11:22,15:59,1
5/17/2022,TRUE,15:44,,3
5/16/2022,TRUE,13:25,,3
5/16/2022,TRUE,17:53,,2
5/20/2022,TRUE,8:14,,1
5/17/2022,TRUE,8:59,,3
5/20/2022,TRUE,10:23,,3
5/17/2022,TRUE,10:41,16:07,1
5/18/2022,TRUE,20:56,,3
5/18/2022,TRUE,,,0
5/18/2022,TRUE,10:04,,2
5/18/2022,TRUE,9:39,17:53,3
5/20/2022,TRUE,17:03,,3
5/16/2022,TRUE,17:46,,2
5/16/2022,TRUE,,20:51,0
5/19/2022,TRUE,13:38,,3
5/19/2022,TRUE,20:32,,3
5/17/2022,TRUE,16:10,,3
5/18/2022,TRUE,20:15,,2
5/20/2022,TRUE,,,0
5/20/2022,TRUE,18:25,,3
5/17/2022,TRUE,10:52,,1
5/20/2022,TRUE,12:18,,1
5/20/2022,TRUE,,,0
5/20/2022,TRUE,,,0
5/19/2022,TRUE,,,0
5/18/2022,TRUE,19:21,,3
5/17/2022,TRUE,16:51,,3
5/18/2022,TRUE,20:12,,1
5/19/2022,TRUE,17:19,,1
5/16/2022,TRUE,9:08,,3
5/20/2022,TRUE,14:03,,3
5/18/2022,TRUE,,,0
5/16/2022,TRUE,15:07,15:45,2
5/17/2022,TRUE,16:14,,1
5/20/2022,TRUE,8:22,,2
5/20/2022,TRUE,9:04,,1
5/19/2022,TRUE,13:27,,1
5/19/2022,TRUE,8:02,,2
5/20/2022,TRUE,20:36,,1
5/18/2022,TRUE,17:28,,2
5/16/2022,TRUE,12:05,,2
5/19/2022,TRUE,9:43,,2
5/17/2022,TRUE,10:43,12:11,1
5/18/2022,TRUE,18:51,,2
5/19/2022,TRUE,,,0
5/16/2022,TRUE,9:10,,1
5/17/2022,TRUE,13:32,,2
5/17/2022,TRUE,8:39,,2
5/16/2022,TRUE,8:15,,1
5/16/2022,TRUE,,,0
5/16/2022,TRUE,13:39,,3
5/19/2022,TRUE,13:17,,1
5/19/2022,TRUE,8:40,,3
5/17/2022,TRUE,12:38,,3
5/16/2022,TRUE,16:35,,2
5/18/2022,TRUE,13:39,20:33,2
5/17/2022,TRUE,10:26,,2
5/20/2022,TRUE,8:48,,1
5/16/2022,TRUE,17:48,,1
5/18/2022,TRUE,20:18,,1
5/16/2022,TRUE,12:24,,2
5/18/2022,TRUE,20:53,,1
5/16/2022,TRUE,20:09,,1
5/18/2022,TRUE,10:19,,2
5/18/2022,TRUE,17:38,,3
5/16/2022,TRUE,13:46,,3
5/17/2022,TRUE,13:58,14:26,1
5/18/2022,TRUE,16:35,,3
5/17/2022,TRUE,11:05,,2
5/18/2022,TRUE,17:54,,2
5/16/2022,TRUE,14:27,,3
5/20/2022,TRUE,17:40,,1
5/17/2022,TRUE,15:26,,2
5/20/2022,TRUE,20:30,,3
5/20/2022,TRUE,16:15,14:46,3
5/16/2022,TRUE,18:08,,2
5/17/2022,TRUE,10:54,,2
5/20/2022,TRUE,14:23,,1
5/19/2022,TRUE,18:04,,1
5/16/2022,TRUE,13:45,,2
5/18/2022,TRUE,14:34,,2
5/18/2022,TRUE,12:50,,2
5/20/2022,TRUE,14:57,,3
5/17/2022,TRUE,,,0
5/20/2022,TRUE,14:58,,1
5/18/2022,TRUE,9:38,,2
5/17/2022,TRUE,20:01,,3
5/18/2022,TRUE,18:42,,2
5/16/2022,TRUE,19:57,,3
5/16/2022,TRUE,13:29,,3
5/17/2022,TRUE,12:05,,3
5/17/2022,TRUE,8:38,,3
5/17/2022,TRUE,,,0
5/16/2022,TRUE,8:33,,2
5/19/2022,TRUE,18:43,,3
5/20/2022,TRUE,20:53,,3
5/20/2022,TRUE,17:03,,2
5/16/2022,TRUE,9:40,,3
5/19/2022,TRUE,13:36,,3
5/18/2022,TRUE,18:11,15:09,3
5/16/2022,TRUE,20:53,,2
5/18/2022,TRUE,10:41,,1
5/20/2022,TRUE,12:52,,3
5/17/2022,TRUE,10:34,,1
5/20/2022,TRUE,18:33,,2
5/18/2022,TRUE,,,0
5/18/2022,TRUE,14:14,,3
5/20/2022,TRUE,15:38,,1
5/16/2022,TRUE,15:46,,3
5/17/2022,TRUE,11:02,,1
5/16/2022,TRUE,18:30,,2
5/19/2022,TRUE,12:29,,1
5/19/2022,TRUE,17:56,,3
5/16/2022,TRUE,16:36,,3
5/18/2022,TRUE,9:28,,1
5/20/2022,TRUE,12:16,,1
5/19/2022,TRUE,16:11,,3
5/17/2022,TRUE,15:17,,3
5/20/2022,TRUE,12:21,,1
5/20/2022,TRUE,20:57,,3
5/16/2022,TRUE,16:38,,3
5/20/2022,TRUE,20:57,,2
5/17/2022,TRUE,11:26,,2
5/19/2022,TRUE,15:53,,3
5/18/2022,TRUE,15:51,,2
5/19/2022,TRUE,14:25,,1
5/17/2022,TRUE,14:17,,1
5/19/2022,TRUE,10:22,,3
5/16/2022,TRUE,12:26,,2
5/17/2022,TRUE,16:51,,1
5/20/2022,TRUE,8:19,,3
5/17/2022,TRUE,20:14,,3
5/16/2022,TRUE,11:09,,2
5/20/2022,TRUE,18:35,,2
5/17/2022,TRUE,11:16,19:19,3
5/19/2022,TRUE,,18:29,0
5/19/2022,TRUE,11:30,,1
5/20/2022,TRUE,9:01,,3
5/19/2022,TRUE,20:08,,3
5/19/2022,TRUE,16:56,,2
5/20/2022,TRUE,13:30,,3
5/19/2022,TRUE,14:05,,1
5/18/2022,TRUE,13:38,,2
5/17/2022,TRUE,20:04,,2
5/16/2022,TRUE,20:43,,3
5/16/2022,TRUE,,,0
5/20/2022,TRUE,13:57,,3
5/18/2022,TRUE,9:10,,2
5/18/2022,TRUE,17:34,,1
5/17/2022,TRUE,,,0
5/17/2022,TRUE,12:06,,1
5/20/2022,TRUE,,,0
5/20/2022,TRUE,8:59,,3
5/16/2022,TRUE,17:57,,2
5/19/2022,TRUE,16:05,,1
5/20/2022,TRUE,14:26,,3
5/20/2022,TRUE,13:32,,2
5/16/2022,TRUE,,,0
5/18/2022,TRUE,8:04,,2
5/16/2022,TRUE,,,0
5/16/2022,TRUE,16:40,,3
5/16/2022,TRUE,15:37,,3
5/19/2022,TRUE,12:14,,3
5/19/2022,TRUE,18:18,,1
5/16/2022,TRUE,9:32,,3
5/17/2022,TRUE,8:39,,3
5/19/2022,TRUE,11:28,,3
5/16/2022,TRUE,17:02,,1
5/18/2022,TRUE,9:32,15:04,1
5/17/2022,TRUE,17:21,,3
5/16/2022,TRUE,8:43,,2
5/17/2022,TRUE,15:23,,1
5/20/2022,TRUE,19:38,,2
5/19/2022,TRUE,,14:24,0
5/19/2022,TRUE,16:56,,1
5/20/2022,TRUE,15:43,,1
5/16/2022,TRUE,10:00,,2
5/17/2022,TRUE,16:20,,1
5/19/2022,TRUE,10:44,,3
5/19/2022,TRUE,17:41,,1
5/20/2022,TRUE,15:56,,3
5/17/2022,TRUE,19:23,,3
5/20/2022,TRUE,19:53,,2
5/19/2022,TRUE,11:31,,3
5/18/2022,TRUE,12:34,,3
5/16/2022,TRUE,18:18,18:59,3
5/20/2022,TRUE,,,0
5/19/2022,TRUE,12:38,,1
5/18/2022,TRUE,9:27,11:21,3
5/17/2022,TRUE,9:04,,3
5/20/2022,TRUE,15:31,,3
5/18/2022,TRUE,13:27,,3
5/17/2022,TRUE,15:20,,3
5/18/2022,TRUE,12:51,,1
5/18/2022,TRUE,10:52,,3
5/18/2022,TRUE,9:10,,2
5/18/2022,TRUE,20:58,,2
5/19/2022,TRUE,,,0
5/20/2022,TRUE,10:49,,2
5/16/2022,TRUE,10:20,,2
5/19/2022,TRUE,15:16,17:39,2
5/20/2022,TRUE,18:25,,3
5/19/2022,TRUE,16:35,,1
5/18/2022,TRUE,12:11,,2
5/19/2022,TRUE,14:42,,2
5/19/2022,TRUE,8:07,,3
5/18/2022,TRUE,,,0
5/18/2022,TRUE,19:13,,2
5/17/2022,TRUE,14:57,,3
5/16/2022,TRUE,14:08,,2
5/18/2022,TRUE,13:22,,3
5/16/2022,TRUE,18:44,,3
5/17/2022,TRUE,16:56,,1
5/16/2022,TRUE,18:39,19:41,3
5/18/2022,TRUE,,,0
5/19/2022,TRUE,20:56,,3
5/17/2022,TRUE,,,0
5/18/2022,TRUE,10:58,,1
5/16/2022,TRUE,15:04,,3
5/20/2022,TRUE,19:19,,3
5/19/2022,TRUE,10:54,18:51,3
5/19/2022,TRUE,14:24,,2
5/16/2022,TRUE,19:51,,1
5/20/2022,TRUE,16:58,,3
5/18/2022,TRUE,13:11,16:34,1
5/18/2022,TRUE,11:04,,1
5/18/2022,TRUE,8:29,10:43,2
5/18/2022,TRUE,12:29,,1
5/19/2022,TRUE,,,0
5/17/2022,TRUE,,10:52,0
5/18/2022,TRUE,,,0
5/19/2022,TRUE,18:38,,3
5/19/2022,TRUE,18:58,,2
5/20/2022,TRUE,10:48,,1
5/16/2022,TRUE,10:10,,1
5/16/2022,TRUE,20:18,,3
5/20/2022,TRUE,12:26,,3
5/17/2022,TRUE,19:02,,3
5/20/2022,TRUE,16:52,,1
5/18/2022,TRUE,16:40,,3
5/19/2022,TRUE,13:19,,3
5/19/2022,TRUE,16:48,,3
5/17/2022,TRUE,15:33,,1
5/18/2022,TRUE,18:55,,1
5/19/2022,TRUE,17:26,,2
5/18/2022,TRUE,14:53,,1
5/19/2022,TRUE,8:49,,2
5/16/2022,TRUE,,,0
5/17/2022,TRUE,14:12,,2
5/18/2022,TRUE,,,0
5/18/2022,TRUE,16:58,,2
5/18/2022,TRUE,,,0
5/16/2022,TRUE,11:40,,3
5/20/2022,TRUE,13:23,20:03,3
5/19/2022,TRUE,15:17,,3
5/19/2022,TRUE,15:50,,1
5/20/2022,TRUE,,,0
5/16/2022,TRUE,8:48,11:49,2
5/17/2022,TRUE,18:52,13:46,3
5/17/2022,TRUE,14:57,16:00,2
5/20/2022,TRUE,15:25,,3
5/18/2022,TRUE,8:26,,3
5/17/2022,TRUE,20:09,,2
5/18/2022,TRUE,8:03,,3
5/18/2022,TRUE,8:40,,3
5/18/2022,TRUE,,,0
5/20/2022,TRUE,14:00,,1
5/18/2022,TRUE,,,0
5/19/2022,TRUE,,,0
5/18/2022,TRUE,13:17,,2
5/20/2022,TRUE,,,0
5/20/2022,TRUE,8:22,,1
5/20/2022,TRUE,12:49,,3
5/17/2022,TRUE,12:43,13:04,1
5/19/2022,TRUE,11:37,,1
5/16/2022,TRUE,12:12,,3
5/20/2022,TRUE,16:26,,2
5/20/2022,TRUE,10:15,,2
5/18/2022,TRUE,11:43,,1
5/16/2022,TRUE,16:22,,1
5/16/2022,TRUE,16:29,,1
5/18/2022,TRUE,16:14,,2
5/20/2022,TRUE,19:16,,3
5/16/2022,TRUE,12:04,,3
5/19/2022,TRUE,10:00,,1
5/17/2022,TRUE,11:52,,1
5/16/2022,TRUE,15:02,,1
5/20/2022,TRUE,16:24,,3
5/17/2022,TRUE,19:55,,1
5/17/2022,TRUE,20:31,,2
5/18/2022,TRUE,12:29,,3
5/16/2022,TRUE,,,0
5/17/2022,TRUE,19:38,,1
5/20/2022,TRUE,9:01,,3
5/19/2022,TRUE,14:40,,3
5/16/2022,TRUE,11:09,,1
5/16/2022,TRUE,16:13,,3
5/17/2022,TRUE,12:30,,1
5/18/2022,TRUE,19:31,,3
5/20/2022,TRUE,16:08,,1
5/16/2022,TRUE,11:13,,1
5/20/2022,TRUE,,,0
5/16/2022,TRUE,12:30,,1
5/19/2022,TRUE,11:46,,2
5/20/2022,TRUE,,,0
5/19/2022,TRUE,,11:28,0
5/16/2022,TRUE,20:53,,3
5/20/2022,TRUE,12:54,,1
5/17/2022,TRUE,20:23,,2
5/16/2022,TRUE,20:09,,3
5/19/2022,TRUE,16:31,,1
5/16/2022,TRUE,15:24,,1
5/16/2022,TRUE,13:39,,2
5/17/2022,TRUE,17:36,,1
5/18/2022,TRUE,18:07,,1
5/17/2022,TRUE,,,0
5/20/2022,TRUE,13:14,,3
5/16/2022,TRUE,8:24,,3
5/19/2022,TRUE,14:28,,1
5/17/2022,TRUE,15:51,,3
5/16/2022,TRUE,8:19,,3
5/16/2022,TRUE,20:13,,3
5/17/2022,TRUE,9:39,,1
5/17/2022,TRUE,18:47,,3
5/20/2022,TRUE,14:04,,3
5/20/2022,TRUE,14:39,,1
5/19/2022,TRUE,13:13,,2
5/18/2022,TRUE,10:27,,1
5/18/2022,TRUE,9:22,,2
5/17/2022,TRUE,9:20,,3
5/17/2022,TRUE,9:05,,3
5/20/2022,TRUE,11:22,,1
5/17/2022,TRUE,12:27,,1
5/17/2022,TRUE,10:44,,2
5/16/2022,TRUE,20:40,,2
5/17/2022,TRUE,17:08,,2
5/17/2022,TRUE,,,0
5/16/2022,TRUE,12:06,,1
5/17/2022,TRUE,17:56,,3
5/19/2022,TRUE,16:41,,1
5/20/2022,TRUE,,,0
5/19/2022,TRUE,,,0
5/20/2022,TRUE,14:14,,1
5/19/2022,TRUE,17:58,,2
5/18/2022,TRUE,,,0
5/19/2022,TRUE,14:11,,1
5/20/2022,TRUE,12:24,,1
5/16/2022,TRUE,16:27,,3
5/18/2022,TRUE,,,0
5/18/2022,TRUE,20:55,,3
5/18/2022,TRUE,19:51,,3
5/16/2022,TRUE,8:11,,3
5/17/2022,TRUE,9:15,21:18,1
5/17/2022,TRUE,,,0
5/18/2022,TRUE,8:34,,2
5/18/2022,TRUE,18:32,,3
5/20/2022,TRUE,8:42,20:12,1
5/16/2022,TRUE,17:21,,1
5/19/2022,TRUE,10:39,,1
5/20/2022,TRUE,14:35,,1
5/17/2022,TRUE,,,0
5/19/2022,TRUE,,,0
5/16/2022,TRUE,8:27,,2
5/17/2022,TRUE,,,0
5/16/2022,TRUE,13:26,,3
5/19/2022,TRUE,8:19,,1
5/17/2022,TRUE,9:25,,2
5/19/2022,TRUE,17:02,,2
5/18/2022,TRUE,8:10,17:49,2
5/20/2022,TRUE,10:47,,3
5/20/2022,TRUE,13:36,,1
5/17/2022,TRUE,15:04,,1
5/20/2022,TRUE,20:42,,3
5/18/2022,TRUE,10:05,,1
5/16/2022,TRUE,,,0
5/18/2022,TRUE,,,0
5/16/2022,TRUE,,,0
5/18/2022,TRUE,13:45,14:56,3
5/17/2022,TRUE,8:06,,1
5/20/2022,TRUE,8:32,,2
5/17/2022,TRUE,9:42,,1
5/18/2022,TRUE,9:31,,3
5/18/2022,TRUE,,,0
5/16/2022,TRUE,18:43,,3
5/17/2022,TRUE,13:09,,1
5/18/2022,TRUE,14:40,,2
5/16/2022,TRUE,15:24,,2
5/17/2022,TRUE,,11:42,0
5/19/2022,TRUE,10:53,,1
5/19/2022,TRUE,16:44,,2
5/17/2022,TRUE,10:05,,1
5/16/2022,TRUE,10:46,,2
5/16/2022,TRUE,12:31,,1
5/18/2022,TRUE,,,0
5/17/2022,TRUE,19:29,,1
5/17/2022,TRUE,9:37,,2
5/16/2022,TRUE,18:41,,1
5/17/2022,TRUE,9:01,,1
5/18/2022,TRUE,9:54,,1
5/16/2022,TRUE,8:39,,2
5/20/2022,TRUE,18:03,,2
5/17/2022,TRUE,9:03,15:30,3
5/20/2022,TRUE,16:19,,1
5/17/2022,TRUE,,,0
5/20/2022,TRUE,,,0
5/18/2022,TRUE,,,0
5/19/2022,TRUE,19:01,,2
5/17/2022,TRUE,15:49,,3
5/16/2022,TRUE,11:52,,3
5/17/2022,TRUE,19:42,,2
5/18/2022,TRUE,18:24,,1
5/17/2022,TRUE,12:11,,1
5/20/2022,TRUE,10:48,,2
5/20/2022,TRUE,,,0
5/16/2022,TRUE,10:25,14:54,3
5/16/2022,TRUE,16:59,,2
5/19/2022,TRUE,19:13,,1
5/16/2022,TRUE,,,0
5/17/2022,TRUE,19:18,,1
5/20/2022,TRUE,17:33,,2
5/17/2022,TRUE,9:22,,3
5/16/2022,TRUE,11:28,,3
5/18/2022,TRUE,16:42,,2
5/20/2022,TRUE,12:45,,3
5/17/2022,TRUE,19:41,17:17,2
5/19/2022,TRUE,15:39,,2
5/16/2022,TRUE,11:47,,1
5/18/2022,TRUE,,21:26,0
5/16/2022,TRUE,11:25,,3
5/20/2022,TRUE,13:07,,2
5/16/2022,TRUE,15:24,,1
5/17/2022,TRUE,15:22,,1
5/19/2022,TRUE,14:19,,3
5/18/2022,TRUE,15:21,,3
5/17/2022,TRUE,13:21,,2
5/20/2022,TRUE,17:39,,3
5/16/2022,TRUE,10:45,,1
5/20/2022,TRUE,18:00,,3
5/17/2022,TRUE,,,0
5/18/2022,TRUE,15:33,20:32,3
5/18/2022,TRUE,8:11,,3
5/20/2022,TRUE,14:23,,1
5/17/2022,TRUE,14:25,,3
5/20/2022,TRUE,11:27,,3
5/20/2022,TRUE,18:34,,1
5/20/2022,TRUE,19:45,,2
5/16/2022,TRUE,15:57,,1
5/17/2022,TRUE,13:32,18:05,3
5/16/2022,TRUE,16:43,13:18,3
5/17/2022,TRUE,12:50,,2
5/20/2022,TRUE,18:45,,1
5/20/2022,TRUE,10:36,,3
5/17/2022,TRUE,9:21,,1
5/16/2022,TRUE,,,0
5/18/2022,TRUE,19:54,,2
5/19/2022,TRUE,,,0
5/17/2022,TRUE,,,0
5/18/2022,TRUE,,,0
5/19/2022,TRUE,9:00,,2
5/18/2022,TRUE,,,0
5/16/2022,TRUE,19:09,,2
5/16/2022,TRUE,13:39,,2
5/19/2022,TRUE,20:18,,3
5/18/2022,TRUE,9:27,,3
5/16/2022,TRUE,16:26,12:27,1
5/20/2022,TRUE,10:07,,2
5/16/2022,TRUE,11:25,,1
5/16/2022,TRUE,9:18,,2
5/20/2022,TRUE,18:21,,2
5/17/2022,TRUE,8:07,,2
5/20/2022,TRUE,13:26,,1
5/16/2022,TRUE,19:28,15:44,3
5/20/2022,TRUE,12:20,,1
5/19/2022,TRUE,12:49,,1
5/20/2022,TRUE,17:40,,3
5/19/2022,TRUE,14:59,,3
5/19/2022,TRUE,8:24,,3
5/16/2022,TRUE,10:34,,2
5/16/2022,TRUE,12:45,,3
5/19/2022,TRUE,8:38,,3
5/18/2022,TRUE,,12:41,0
5/19/2022,TRUE,18:34,,1
5/18/2022,TRUE,10:22,,3
5/16/2022,TRUE,,,0
5/16/2022,TRUE,18:23,,3
5/18/2022,TRUE,12:41,,2
5/19/2022,TRUE,17:28,,1
5/17/2022,TRUE,15:05,,2
5/20/2022,TRUE,11:18,21:03,2
5/16/2022,TRUE,14:35,,1
5/20/2022,TRUE,8:02,,3
5/18/2022,TRUE,9:40,,3
5/16/2022,TRUE,18:16,,3
5/20/2022,TRUE,15:51,,3
5/16/2022,TRUE,20:18,,3
5/18/2022,TRUE,8:30,,3
5/19/2022,TRUE,19:51,,1
5/20/2022,TRUE,17:34,,3
5/18/2022,TRUE,11:40,,3
5/16/2022,TRUE,13:28,,1
5/20/2022,TRUE,8:55,,3
5/17/2022,TRUE,8:20,21:08,1
5/19/2022,TRUE,,14:12,0
5/20/2022,TRUE,18:38,,3
5/17/2022,TRUE,9:52,,3
5/17/2022,TRUE,18:29,,3
5/18/2022,TRUE,,,0
5/19/2022,TRUE,14:08,,3
5/17/2022,TRUE,15:18,,3
5/20/2022,TRUE,20:33,,2
5/18/2022,TRUE,11:23,18:28,2
5/16/2022,TRUE,,,0
5/20/2022,TRUE,11:50,,3
5/16/2022,TRUE,13:29,,2
5/18/2022,TRUE,12:24,11:49,3
5/18/2022,TRUE,,,0
5/19/2022,TRUE,,,0
5/17/2022,TRUE,,,0
5/19/2022,TRUE,8:56,,2
5/18/2022,TRUE,15:16,,1
5/18/2022,TRUE,18:35,,2
5/17/2022,TRUE,18:10,,3
5/18/2022,TRUE,20:30,,3
5/19/2022,TRUE,12:55,,2
5/20/2022,TRUE,8:25,18:09,3
5/16/2022,TRUE,8:53,,1
5/18/2022,TRUE,8:29,,1
5/16/2022,TRUE,19:25,,3
5/19/2022,TRUE,18:28,,2
5/16/2022,TRUE,20:41,,2
5/18/2022,TRUE,12:21,,2
5/20/2022,TRUE,20:15,,2
5/16/2022,TRUE,8:22,,3
5/17/2022,TRUE,8:06,,2
5/17/2022,TRUE,,,0
5/19/2022,TRUE,19:48,,2
5/17/2022,TRUE,13:20,,2
5/18/2022,TRUE,12:27,,3
5/18/2022,TRUE,19:39,20:29,3
5/17/2022,TRUE,11:25,,3
5/18/2022,TRUE,9:12,,2
5/17/2022,TRUE,11:26,,1
5/20/2022,TRUE,13:30,,2
5/18/2022,TRUE,12:51,,2
5/18/2022,TRUE,19:39,,3
5/19/2022,TRUE,12:12,,2
5/20/2022,TRUE,19:16,,3
5/17/2022,TRUE,13:55,10:28,3
5/16/2022,TRUE,14:49,,2
5/17/2022,TRUE,15:03,,1
5/16/2022,TRUE,14:51,,1
5/19/2022,TRUE,10:34,,3
5/19/2022,TRUE,10:51,,3
5/20/2022,TRUE,,,0
5/19/2022,TRUE,10:41,,2
5/19/2022,TRUE,12:04,,3
5/20/2022,TRUE,10:05,,1
5/20/2022,TRUE,20:14,,1
5/18/2022,TRUE,15:21,,1
5/17/2022,TRUE,8:13,,2
5/16/2022,TRUE,8:18,,1
5/16/2022,TRUE,9:59,,3
5/16/2022,TRUE,8:34,,2
5/16/2022,TRUE,8:53,10:24,2
5/17/2022,TRUE,,,0
5/16/2022,TRUE,12:17,,2
5/17/2022,TRUE,12:12,,1
5/16/2022,TRUE,9:26,,2
5/19/2022,TRUE,19:01,,2
5/17/2022,TRUE,8:40,,2
5/17/2022,TRUE,14:04,,1
5/19/2022,TRUE,18:44,,3
5/20/2022,TRUE,15:08,,1
5/17/2022,TRUE,9:51,,3
5/16/2022,TRUE,13:03,,2
5/17/2022,TRUE,8:31,,2
5/19/2022,TRUE,19:45,,2
5/18/2022,TRUE,,,0
5/19/2022,TRUE,18:47,,2
5/20/2022,TRUE,14:38,,1
5/17/2022,TRUE,9:49,,1
5/20/2022,TRUE,18:35,,3
5/18/2022,TRUE,9:39,,1
5/20/2022,TRUE,19:00,,3
5/18/2022,TRUE,9:50,,1
5/17/2022,TRUE,18:48,,1
5/20/2022,TRUE,16:39,,2
5/17/2022,TRUE,20:36,,1
5/20/2022,TRUE,12:24,,1
5/16/2022,TRUE,9:48,,2
5/18/2022,TRUE,9:12,,2
5/16/2022,TRUE,14:05,,2
5/17/2022,TRUE,,,0
5/17/2022,TRUE,16:17,,3
5/19/2022,TRUE,13:55,,1
5/18/2022,TRUE,10:13,,2
5/20/2022,TRUE,10:11,,3
5/19/2022,TRUE,,,0
5/19/2022,TRUE,10:33,,1
5/20/2022,TRUE,17:37,,3
5/16/2022,TRUE,13:28,,1
5/17/2022,TRUE,8:11,,2
5/17/2022,TRUE,16:16,,2
5/16/2022,TRUE,11:50,,3
5/17/2022,TRUE,12:38,,2
5/18/2022,TRUE,19:19,,2
5/17/2022,TRUE,19:36,,1
5/18/2022,TRUE,20:07,,1
5/17/2022,TRUE,14:09,,3
5/16/2022,TRUE,11:47,,3
5/18/2022,TRUE,17:57,,2
5/19/2022,TRUE,13:19,,2
5/19/2022,TRUE,,,0
5/18/2022,TRUE,12:03,15:24,2
5/19/2022,TRUE,16:57,,1
5/18/2022,TRUE,,,0
5/17/2022,TRUE,10:57,,3
5/19/2022,TRUE,20:08,,3
5/18/2022,TRUE,17:55,,3
5/18/2022,TRUE,12:22,,1
5/20/2022,TRUE,11:39,,1
5/18/2022,TRUE,10:55,,3
5/18/2022,TRUE,8:22,,3
5/18/2022,TRUE,17:41,,1
5/17/2022,TRUE,16:23,,3
5/16/2022,TRUE,13:00,,2
5/17/2022,TRUE,,11:48,0
5/18/2022,TRUE,13:17,,3
5/20/2022,TRUE,13:53,,1
5/17/2022,TRUE,8:16,,3
5/18/2022,TRUE,,,0
5/17/2022,TRUE,,16:39,0
5/19/2022,TRUE,18:57,,1
5/18/2022,TRUE,10:14,,1
5/16/2022,TRUE,18:25,,2
5/18/2022,TRUE,19:13,,2
5/20/2022,TRUE,17:07,17:39,3
5/17/2022,TRUE,19:11,,3
5/19/2022,TRUE,17:32,,3
5/20/2022,TRUE,18:28,,1
5/18/2022,TRUE,19:43,,1
5/17/2022,TRUE,19:14,,2
5/16/2022,TRUE,12:56,,2
5/19/2022,TRUE,9:36,,1
5/20/2022,TRUE,14:20,14:58,3
5/19/2022,TRUE,,,0
5/16/2022,TRUE,8:28,,2
5/19/2022,TRUE,10:06,,1
5/17/2022,TRUE,20:46,,1
5/20/2022,TRUE,15:57,,3
5/16/2022,TRUE,15:05,,3
5/17/2022,TRUE,,,0
5/17/2022,TRUE,13:02,19:55,3
5/19/2022,TRUE,19:43,15:48,3
5/18/2022,TRUE,9:26,,3
5/17/2022,TRUE,,,0
5/18/2022,TRUE,17:22,,3
5/19/2022,TRUE,11:23,,1
5/18/2022,TRUE,12:23,,2
5/18/2022,TRUE,19:46,10:17,2
5/16/2022,TRUE,9:24,,2
5/19/2022,TRUE,17:51,,1
5/16/2022,TRUE,10:00,15:56,1
5/16/2022,TRUE,14:47,,1
5/17/2022,TRUE,,,0
5/17/2022,TRUE,16:14,,3
5/20/2022,TRUE,19:26,,3
5/18/2022,TRUE,20:42,17:45,2
5/17/2022,TRUE,11:41,,3
5/19/2022,TRUE,,,0
5/17/2022,TRUE,12:51,,2
5/20/2022,TRUE,11:18,17:03,3
5/18/2022,TRUE,13:26,,3
5/19/2022,TRUE,18:13,,2
5/20/2022,TRUE,14:35,19:28,2
5/19/2022,TRUE,16:15,,1
5/18/2022,TRUE,18:29,12:18,3
5/20/2022,TRUE,11:23,,1
5/18/2022,TRUE,10:35,,2
5/18/2022,TRUE,9:46,,2
5/18/2022,TRUE,15:23,,3
5/18/2022,TRUE,9:21,10:22,1
5/20/2022,TRUE,,,0
5/19/2022,TRUE,19:28,,1
5/16/2022,TRUE,13:10,,2
5/19/2022,TRUE,18:24,,3
5/20/2022,TRUE,,10:58,0
5/17/2022,TRUE,18:06,,1
5/18/2022,TRUE,17:27,,1
5/17/2022,TRUE,8:06,,1
5/20/2022,TRUE,17:43,,3
5/16/2022,TRUE,13:57,,3
5/17/2022,TRUE,15:22,,2
5/18/2022,TRUE,,,0
5/16/2022,TRUE,18:42,16:03,1
5/18/2022,TRUE,14:14,,3
5/18/2022,TRUE,12:29,,3
5/18/2022,TRUE,,,0
5/20/2022,TRUE,19:20,,2
5/17/2022,TRUE,16:48,14:41,1
5/30/2022,TRUE,17:56,,1
5/30/2022,TRUE,16:07,,2
5/30/2022,TRUE,9:09,,2
5/30/2022,TRUE,8:25,,1
5/30/2022,TRUE,10:49,16:12,1
5/30/2022,TRUE,12:56,,3
5/30/2022,TRUE,9:24,,2
5/30/2022,TRUE,,,0
5/30/2022,TRUE,12:25,,1
5/30/2022,TRUE,9:57,,2
5/30/2022,TRUE,16:52,,1
5/30/2022,TRUE,19:54,,2
5/30/2022,TRUE,10:26,,3
5/30/2022,TRUE,19:25,,1
5/30/2022,TRUE,9:46,,1
5/30/2022,TRUE,10:34,,1
5/30/2022,TRUE,13:37,,2
5/30/2022,TRUE,8:51,,3
5/30/2022,TRUE,10:36,,3
5/30/2022,TRUE,,,0
5/30/2022,TRUE,19:06,,3
5/30/2022,TRUE,13:57,,1
5/30/2022,TRUE,10:46,,2
5/30/2022,TRUE,17:50,,2
5/30/2022,TRUE,17:49,15:23,3
5/30/2022,TRUE,13:45,,2
5/30/2022,TRUE,19:06,,3
5/30/2022,TRUE,10:46,,3
5/30/2022,TRUE,8:52,,1
5/30/2022,TRUE,8:24,,2
5/30/2022,TRUE,9:31,,3
5/30/2022,TRUE,11:00,,1
5/30/2022,TRUE,,,0
5/30/2022,TRUE,16:49,,2
5/30/2022,TRUE,9:20,,2
5/30/2022,TRUE,14:57,,3
5/30/2022,TRUE,10:23,,1
5/30/2022,TRUE,16:56,,1
5/30/2022,TRUE,14:44,,1
5/30/2022,TRUE,20:40,,3
5/30/2022,TRUE,20:36,,1
5/30/2022,TRUE,14:01,,2
5/30/2022,TRUE,17:32,,3
5/30/2022,TRUE,20:21,,2
5/30/2022,TRUE,18:41,,1
5/30/2022,TRUE,11:42,,2
5/30/2022,TRUE,9:27,,2
5/30/2022,TRUE,13:45,,2
5/30/2022,TRUE,11:43,,1
5/30/2022,TRUE,20:37,,2
5/30/2022,TRUE,16:51,,1
5/30/2022,TRUE,8:32,,1
5/30/2022,TRUE,9:41,,2
5/30/2022,TRUE,13:40,,2
5/30/2022,TRUE,9:03,,3
5/30/2022,TRUE,15:07,,2
5/30/2022,TRUE,9:34,,2
5/30/2022,TRUE,11:46,,1
5/30/2022,TRUE,17:25,20:52,2
5/30/2022,TRUE,17:56,,3
5/30/2022,TRUE,11:08,,3
5/30/2022,TRUE,,,0
5/30/2022,TRUE,18:23,,2
5/30/2022,TRUE,9:18,,1
5/30/2022,TRUE,15:06,19:26,3
5/30/2022,TRUE,12:20,,2
5/30/2022,TRUE,10:14,,2
5/30/2022,TRUE,17:43,,1
5/30/2022,TRUE,15:49,,2
5/30/2022,TRUE,9:04,,1
5/30/2022,TRUE,16:01,,2
5/30/2022,TRUE,16:39,,2
5/30/2022,TRUE,8:53,,2
5/30/2022,TRUE,14:44,,1
5/30/2022,TRUE,14:06,,3
5/30/2022,TRUE,19:55,,2
5/30/2022,TRUE,16:18,20:37,2
5/30/2022,TRUE,8:21,,3
5/30/2022,TRUE,16:00,,2
5/30/2022,TRUE,15:11,,3
5/30/2022,TRUE,15:20,,1
5/30/2022,TRUE,19:38,,2
5/30/2022,TRUE,18:11,,2
5/30/2022,TRUE,16:26,,1
5/30/2022,TRUE,15:04,,1
5/30/2022,TRUE,12:05,,3
5/30/2022,TRUE,9:24,21:16,1
5/30/2022,TRUE,10:24,,2
5/30/2022,TRUE,13:48,19:35,3
5/30/2022,TRUE,14:10,,3
5/30/2022,TRUE,11:26,,2
5/30/2022,TRUE,8:40,,2
5/30/2022,TRUE,13:37,,2
5/30/2022,TRUE,10:34,,1
5/30/2022,TRUE,20:28,,1
5/30/2022,TRUE,20:24,,3
5/30/2022,TRUE,8:35,,1
5/30/2022,TRUE,12:50,,1
5/30/2022,TRUE,19:51,,2
5/30/2022,TRUE,14:31,,3
5/30/2022,TRUE,14:55,,3
5/30/2022,TRUE,18:00,,1
5/30/2022,TRUE,16:02,,3
5/30/2022,TRUE,9:06,,3
5/30/2022,TRUE,12:03,,2
5/30/2022,TRUE,14:01,,3
5/30/2022,TRUE,15:19,,2
5/30/2022,TRUE,11:50,,1
5/30/2022,TRUE,11:51,,3
5/30/2022,TRUE,11:13,,3
5/30/2022,TRUE,,,0
5/30/2022,TRUE,14:32,,2
5/30/2022,TRUE,14:56,,3
5/30/2022,TRUE,20:15,,1
5/30/2022,TRUE,20:23,11:39,3
5/30/2022,TRUE,12:02,,3
5/30/2022,TRUE,9:04,,1
5/30/2022,TRUE,10:02,,3
5/30/2022,TRUE,16:56,,2
5/30/2022,TRUE,14:38,,3
5/30/2022,TRUE,18:06,,1
5/30/2022,TRUE,20:26,,2
5/30/2022,TRUE,13:17,,1
5/30/2022,TRUE,14:11,,2
5/30/2022,TRUE,17:02,,1
5/30/2022,TRUE,18:24,,3
5/30/2022,TRUE,11:55,21:22,2
5/30/2022,TRUE,13:08,16:40,2
5/30/2022,TRUE,9:10,,3
5/30/2022,TRUE,9:24,,1
5/30/2022,TRUE,11:52,17:49,3
5/30/2022,TRUE,13:34,,3
5/30/2022,TRUE,10:52,,2
5/30/2022,TRUE,12:22,,1
5/30/2022,TRUE,20:04,,3
5/30/2022,TRUE,11:06,,1
5/30/2022,TRUE,16:30,,2
5/30/2022,TRUE,,,0
5/30/2022,TRUE,20:16,,1
5/30/2022,TRUE,13:39,,3
5/30/2022,TRUE,11:57,12:43,3
5/30/2022,TRUE,12:55,14:32,2
5/30/2022,TRUE,12:20,,3
5/30/2022,TRUE,16:55,,1
5/30/2022,TRUE,18:26,,1
5/30/2022,TRUE,18:44,,3
5/30/2022,TRUE,17:34,,2
5/30/2022,TRUE,15:16,,3
5/30/2022,TRUE,19:31,,2
5/30/2022,TRUE,11:27,,2
5/30/2022,TRUE,8:13,,1
5/30/2022,TRUE,14:34,,2
5/30/2022,TRUE,15:46,,2
5/30/2022,TRUE,19:08,,1
5/30/2022,TRUE,19:09,,1
5/30/2022,TRUE,19:47,,3
5/30/2022,TRUE,12:30,,3
5/30/2022,TRUE,19:36,,3
5/30/2022,TRUE,12:50,,1
5/30/2022,TRUE,9:48,,3
5/30/2022,TRUE,10:24,,1
5/30/2022,TRUE,9:40,,2
5/30/2022,TRUE,20:53,,2
5/30/2022,TRUE,19:44,,3
5/30/2022,TRUE,11:55,,1
5/30/2022,TRUE,13:37,,3
5/30/2022,TRUE,17:22,,3
5/30/2022,TRUE,8:40,,2
5/30/2022,TRUE,14:55,,2
5/30/2022,TRUE,19:40,,1
5/30/2022,TRUE,18:31,,2
5/30/2022,TRUE,17:59,,2
5/30/2022,TRUE,18:37,,1
5/30/2022,TRUE,14:16,,3
5/30/2022,TRUE,8:55,,2
5/30/2022,TRUE,10:49,,2
5/27/2022,TRUE,9:46,,2
5/26/2022,TRUE,14:22,,3
5/26/2022,TRUE,14:30,,1
5/26/2022,TRUE,12:55,,1
5/26/2022,TRUE,15:35,,2
5/26/2022,TRUE,17:08,,3
5/23/2022,TRUE,8:22,,3
5/23/2022,TRUE,,,0
5/25/2022,TRUE,12:40,,3
5/25/2022,TRUE,,,0
5/25/2022,TRUE,10:07,,2
5/26/2022,TRUE,14:17,,1
5/25/2022,TRUE,17:17,,2
5/26/2022,TRUE,13:51,,3
5/23/2022,TRUE,14:27,,3
5/23/2022,TRUE,12:44,,2
5/25/2022,TRUE,12:09,,1
5/26/2022,TRUE,13:52,,2
5/27/2022,TRUE,16:17,,2
5/27/2022,TRUE,12:54,,1
5/24/2022,TRUE,19:10,,2
5/27/2022,TRUE,12:22,,1
5/25/2022,TRUE,8:57,,2
5/24/2022,TRUE,9:42,,1
5/27/2022,TRUE,8:02,,3
5/25/2022,TRUE,20:12,,3
5/26/2022,TRUE,16:02,,2
5/24/2022,TRUE,14:47,,3
5/24/2022,TRUE,20:03,18:31,2
5/25/2022,TRUE,13:17,,1
5/27/2022,TRUE,19:37,,2
5/23/2022,TRUE,13:52,,1
5/26/2022,TRUE,8:03,,1
5/24/2022,TRUE,8:27,,2
5/24/2022,TRUE,,,0
5/27/2022,TRUE,8:45,,1
5/23/2022,TRUE,12:55,,2
5/24/2022,TRUE,12:13,,3
5/24/2022,TRUE,,,0
5/26/2022,TRUE,15:48,,3
5/23/2022,TRUE,8:10,,2
5/27/2022,TRUE,14:52,,2
5/25/2022,TRUE,,,0
5/24/2022,TRUE,14:20,,2
5/25/2022,TRUE,14:57,,3
5/25/2022,TRUE,9:07,,1
5/26/2022,TRUE,12:58,17:00,2
5/26/2022,TRUE,,,0
5/26/2022,TRUE,18:22,,1
5/27/2022,TRUE,12:45,,2
5/25/2022,TRUE,18:21,,2
5/27/2022,TRUE,9:17,,3
5/27/2022,TRUE,20:17,,3
5/25/2022,TRUE,19:10,,2
5/23/2022,TRUE,11:44,,2
5/25/2022,TRUE,19:10,15:20,3
5/27/2022,TRUE,19:03,,1
5/26/2022,TRUE,20:55,,1
5/27/2022,TRUE,20:32,,3
5/24/2022,TRUE,13:05,,3
5/24/2022,TRUE,13:16,,1
5/23/2022,TRUE,8:38,,3
5/24/2022,TRUE,8:17,,1
5/24/2022,TRUE,13:42,,2
5/23/2022,TRUE,10:41,,2
5/23/2022,TRUE,19:15,,2
5/25/2022,TRUE,11:38,,2
5/26/2022,TRUE,15:35,,2
5/27/2022,TRUE,19:38,,3
5/27/2022,TRUE,17:56,,2
5/25/2022,TRUE,13:58,13:29,2
5/23/2022,TRUE,9:12,,3
5/26/2022,TRUE,19:07,,3
5/23/2022,TRUE,18:27,,2
5/24/2022,TRUE,9:57,,1
5/25/2022,TRUE,13:00,,2
5/26/2022,TRUE,10:35,,1
5/27/2022,TRUE,18:57,,1
5/26/2022,TRUE,14:10,,1
5/27/2022,TRUE,,16:21,0
5/24/2022,TRUE,11:49,,1
5/24/2022,TRUE,15:22,,3
5/23/2022,TRUE,19:21,,2
5/23/2022,TRUE,15:18,,1
5/25/2022,TRUE,13:41,,2
5/26/2022,TRUE,8:24,,1
5/26/2022,TRUE,8:28,,1
5/27/2022,TRUE,15:27,,1
5/24/2022,TRUE,10:17,,1
5/23/2022,TRUE,16:47,,2
5/23/2022,TRUE,12:57,,3
5/24/2022,TRUE,8:08,,3
5/27/2022,TRUE,18:17,,2
5/23/2022,TRUE,18:38,,3
5/23/2022,TRUE,12:24,,1
5/23/2022,TRUE,18:11,,1
5/24/2022,TRUE,19:35,,1
5/26/2022,TRUE,13:57,,2
5/26/2022,TRUE,13:43,,1
5/26/2022,TRUE,14:46,,2
5/26/2022,TRUE,18:36,,1
5/24/2022,TRUE,16:08,,1
5/25/2022,TRUE,12:00,18:21,3
5/24/2022,TRUE,11:28,,2
5/23/2022,TRUE,,,0
5/27/2022,TRUE,11:31,,2
5/26/2022,TRUE,17:17,,3
5/24/2022,TRUE,8:48,,3
5/26/2022,TRUE,18:55,,3
5/26/2022,TRUE,11:36,,3
5/26/2022,TRUE,12:58,,3
5/23/2022,TRUE,13:21,,3
5/26/2022,TRUE,,,0
5/27/2022,TRUE,10:27,,1
5/26/2022,TRUE,18:46,,1
5/25/2022,TRUE,11:58,,1
5/25/2022,TRUE,18:21,,3
5/26/2022,TRUE,15:22,,1
5/23/2022,TRUE,16:50,,1
5/26/2022,TRUE,17:23,12:06,3
5/24/2022,TRUE,17:45,,2
5/24/2022,TRUE,16:45,,2
5/23/2022,TRUE,15:03,,1
5/23/2022,TRUE,13:59,14:16,2
5/26/2022,TRUE,10:53,,3
5/27/2022,TRUE,10:25,,3
5/26/2022,TRUE,,,0
5/24/2022,TRUE,13:08,,1
5/23/2022,TRUE,8:30,,3
5/25/2022,TRUE,15:36,,1
5/27/2022,TRUE,12:37,,2
5/23/2022,TRUE,19:14,,3
5/26/2022,TRUE,19:44,,3
5/23/2022,TRUE,9:49,,2
5/27/2022,TRUE,,,0
5/23/2022,TRUE,11:05,16:19,2
5/24/2022,TRUE,15:26,11:34,2
5/24/2022,TRUE,12:02,,3
5/23/2022,TRUE,8:29,,2
5/26/2022,TRUE,,,0
5/27/2022,TRUE,17:16,,3
5/23/2022,TRUE,11:45,,3
5/24/2022,TRUE,19:00,,2
5/24/2022,TRUE,17:19,,3
5/23/2022,TRUE,11:52,,2
5/23/2022,TRUE,19:14,,3
5/27/2022,TRUE,17:30,,2
5/24/2022,TRUE,9:24,,3
5/24/2022,TRUE,16:44,,1
5/26/2022,TRUE,18:02,,1
5/24/2022,TRUE,9:02,,2
5/27/2022,TRUE,20:03,11:05,3
5/23/2022,TRUE,14:47,15:08,1
5/24/2022,TRUE,,,0
5/27/2022,TRUE,14:32,,2
5/24/2022,TRUE,9:51,,2
5/27/2022,TRUE,8:32,,3
5/27/2022,TRUE,16:44,,3
5/23/2022,TRUE,8:10,,2
5/27/2022,TRUE,16:51,,2
5/26/2022,TRUE,20:10,,3
5/25/2022,TRUE,11:26,,2
5/25/2022,TRUE,14:03,,2
5/26/2022,TRUE,11:06,,1
5/23/2022,TRUE,9:35,,2
5/26/2022,TRUE,17:03,,3
5/26/2022,TRUE,20:10,,1
5/25/2022,TRUE,8:55,,3
5/27/2022,TRUE,19:43,,1
5/24/2022,TRUE,11:22,,2
5/27/2022,TRUE,10:48,,3
5/23/2022,TRUE,10:46,,3
5/25/2022,TRUE,20:30,,2
5/24/2022,TRUE,10:41,,3
5/23/2022,TRUE,16:48,,1
5/27/2022,TRUE,16:15,21:11,1
5/23/2022,TRUE,14:18,,1
5/24/2022,TRUE,14:09,,1
5/24/2022,TRUE,15:01,,2
5/27/2022,TRUE,20:31,,1
5/27/2022,TRUE,10:57,,2
5/26/2022,TRUE,20:08,,3
5/24/2022,TRUE,13:09,,2
5/25/2022,TRUE,15:46,,3
5/25/2022,TRUE,17:51,,1
5/24/2022,TRUE,10:43,,2
5/27/2022,TRUE,,,0
5/25/2022,TRUE,8:39,,2
5/26/2022,TRUE,15:19,,2
5/23/2022,TRUE,11:20,,1
5/26/2022,TRUE,16:16,,3
5/27/2022,TRUE,16:40,,1
5/27/2022,TRUE,11:44,,1
5/27/2022,TRUE,13:26,15:56,2
5/26/2022,TRUE,12:57,,1
5/23/2022,TRUE,,,0
5/27/2022,TRUE,11:35,,1
5/27/2022,TRUE,16:02,,1
5/25/2022,TRUE,12:33,,3
5/27/2022,TRUE,,,0
5/25/2022,TRUE,9:39,,3
5/26/2022,TRUE,8:52,,3
5/25/2022,TRUE,8:16,,2
5/27/2022,TRUE,16:59,,2
5/26/2022,TRUE,12:27,,1
5/25/2022,TRUE,16:33,,1
5/27/2022,TRUE,10:58,,3
5/24/2022,TRUE,9:14,,1
5/27/2022,TRUE,16:06,15:59,2
5/24/2022,TRUE,17:59,,1
5/24/2022,TRUE,15:14,,1
5/26/2022,TRUE,10:00,,3
5/23/2022,TRUE,10:35,,2
5/27/2022,TRUE,9:58,,3
5/24/2022,TRUE,20:36,,3
5/25/2022,TRUE,15:50,,3
5/24/2022,TRUE,13:46,,3
5/27/2022,TRUE,20:07,,3
5/25/2022,TRUE,16:02,15:49,1
5/27/2022,TRUE,18:27,,3
5/25/2022,TRUE,15:54,,2
5/24/2022,TRUE,13:02,,1
5/26/2022,TRUE,9:38,,3
5/25/2022,TRUE,9:09,13:31,1
5/24/2022,TRUE,19:45,,3
5/23/2022,TRUE,10:42,,3
5/24/2022,TRUE,,,0
5/26/2022,TRUE,,,0
5/24/2022,TRUE,13:28,15:03,2
5/24/2022,TRUE,19:30,,2
5/23/2022,TRUE,19:30,,2
5/27/2022,TRUE,16:23,,2
5/23/2022,TRUE,12:45,,2
5/25/2022,TRUE,8:49,,1
5/26/2022,TRUE,10:08,,3
5/26/2022,TRUE,11:30,,2
5/26/2022,TRUE,19:01,,2
5/24/2022,TRUE,12:26,,3
5/26/2022,TRUE,,,0
5/25/2022,TRUE,14:47,,3
5/27/2022,TRUE,19:18,,3
5/27/2022,TRUE,11:10,,3
5/27/2022,TRUE,9:58,,2
5/23/2022,TRUE,19:14,,3
5/25/2022,TRUE,16:01,,1
5/23/2022,TRUE,9:16,,3
5/23/2022,TRUE,17:40,,3
5/27/2022,TRUE,20:23,,1
5/25/2022,TRUE,11:38,10:20,2
5/25/2022,TRUE,11:58,,2
5/26/2022,TRUE,18:49,,1
5/23/2022,TRUE,19:55,15:58,2
5/26/2022,TRUE,19:02,,3
5/24/2022,TRUE,19:00,,3
5/24/2022,TRUE,15:08,,2
5/25/2022,TRUE,,,0
5/26/2022,TRUE,13:58,10:24,1
5/24/2022,TRUE,20:17,,2
5/23/2022,TRUE,20:25,,1
5/27/2022,TRUE,,,0
5/24/2022,TRUE,15:42,,1
5/26/2022,TRUE,,,0
5/23/2022,TRUE,,,0
5/23/2022,TRUE,17:55,,1
5/25/2022,TRUE,9:15,,3
5/27/2022,TRUE,20:38,,3
5/25/2022,TRUE,11:24,,2
5/25/2022,TRUE,13:18,,2
5/25/2022,TRUE,18:17,,2
5/24/2022,TRUE,9:05,,3
5/27/2022,TRUE,20:36,,3
5/27/2022,TRUE,8:43,,3
5/24/2022,TRUE,8:28,,2
5/25/2022,TRUE,19:07,,1
5/26/2022,TRUE,8:40,,3
5/24/2022,TRUE,17:07,,2
5/25/2022,TRUE,15:31,,2
5/25/2022,TRUE,20:50,,2
5/26/2022,TRUE,8:45,,2
5/24/2022,TRUE,13:42,,3
5/23/2022,TRUE,14:00,,2
5/23/2022,TRUE,19:22,,3
5/25/2022,TRUE,10:46,,3
5/26/2022,TRUE,18:45,16:08,2
5/27/2022,TRUE,18:46,,1
5/27/2022,TRUE,16:26,,3
5/24/2022,TRUE,12:50,,3
5/24/2022,TRUE,,,0
5/26/2022,TRUE,9:16,13:10,3
5/26/2022,TRUE,11:31,,3
5/24/2022,TRUE,18:46,,3
5/27/2022,TRUE,10:16,,2
5/26/2022,TRUE,15:45,,2
5/27/2022,TRUE,9:59,,3
5/26/2022,TRUE,,14:09,0
5/23/2022,TRUE,18:30,,3
5/23/2022,TRUE,20:13,,3
5/26/2022,TRUE,14:14,,3
5/25/2022,TRUE,12:29,,1
5/26/2022,TRUE,16:10,,1
5/24/2022,TRUE,9:46,,2
5/25/2022,TRUE,10:41,,1
5/26/2022,TRUE,10:09,,3
5/25/2022,TRUE,12:03,,2
5/25/2022,TRUE,,,0
5/27/2022,TRUE,18:12,,3
5/27/2022,TRUE,10:14,,3
5/23/2022,TRUE,16:45,,2
5/26/2022,TRUE,10:16,,3
5/23/2022,TRUE,20:51,,1
5/23/2022,TRUE,10:49,19:48,2
5/25/2022,TRUE,12:49,,2
5/27/2022,TRUE,17:39,,1
5/27/2022,TRUE,12:19,,3
5/24/2022,TRUE,13:39,,1
5/24/2022,TRUE,16:47,,3
5/27/2022,TRUE,20:03,,2
5/23/2022,TRUE,9:32,,1
5/27/2022,TRUE,12:18,,2
5/27/2022,TRUE,15:12,,1
5/25/2022,TRUE,13:15,17:13,2
5/23/2022,TRUE,19:27,,3
5/27/2022,TRUE,,,0
5/27/2022,TRUE,14:55,,2
5/25/2022,TRUE,18:47,,3
5/27/2022,TRUE,13:50,,2
5/26/2022,TRUE,8:06,,3
5/26/2022,TRUE,13:03,,3
5/26/2022,TRUE,12:30,,3
5/26/2022,TRUE,20:49,,3
5/25/2022,TRUE,11:55,,1
5/26/2022,TRUE,13:44,,3
5/24/2022,TRUE,16:14,,1
5/23/2022,TRUE,12:14,,2
5/24/2022,TRUE,15:45,16:42,1
5/23/2022,TRUE,15:55,,1
5/26/2022,TRUE,8:33,,1
5/24/2022,TRUE,12:11,,1
5/25/2022,TRUE,,,0
5/25/2022,TRUE,9:00,,2
5/24/2022,TRUE,17:19,13:38,1
5/24/2022,TRUE,20:27,,3
5/27/2022,TRUE,18:35,,3
5/25/2022,TRUE,10:16,,3
5/24/2022,TRUE,19:53,,2
5/27/2022,TRUE,11:07,,2
5/25/2022,TRUE,19:47,11:18,3
5/24/2022,TRUE,9:19,,3
5/24/2022,TRUE,11:12,,2
5/23/2022,TRUE,9:41,,2
5/27/2022,TRUE,18:42,,2
5/27/2022,TRUE,18:44,,2
5/27/2022,TRUE,13:43,,3
5/26/2022,TRUE,10:09,,1
5/23/2022,TRUE,16:56,,2
5/23/2022,TRUE,,,0
5/24/2022,TRUE,8:04,,1
5/23/2022,TRUE,17:08,,2
5/24/2022,TRUE,8:05,,2
5/23/2022,TRUE,13:55,,2
5/24/2022,TRUE,18:44,,2
5/26/2022,TRUE,20:10,,2
5/26/2022,TRUE,12:43,,2
5/24/2022,TRUE,14:31,,1
5/24/2022,TRUE,,,0
5/24/2022,TRUE,20:31,,2
5/23/2022,TRUE,,,0
5/25/2022,TRUE,9:24,,3
5/23/2022,TRUE,8:24,,2
5/27/2022,TRUE,10:58,,2
5/26/2022,TRUE,17:54,,1
5/25/2022,TRUE,19:20,,1
5/26/2022,TRUE,10:50,,3
5/27/2022,TRUE,15:34,14:49,2
5/26/2022,TRUE,12:41,,3
5/26/2022,TRUE,10:32,,3
5/27/2022,TRUE,17:22,,2
5/27/2022,TRUE,8:48,,2
5/23/2022,TRUE,20:14,,3
5/25/2022,TRUE,13:04,,3
5/27/2022,TRUE,9:46,,2
5/25/2022,TRUE,19:05,,3
5/23/2022,TRUE,14:29,17:19,1
5/26/2022,TRUE,9:31,,1
5/25/2022,TRUE,11:49,,1
5/23/2022,TRUE,13:28,,1
5/26/2022,TRUE,15:14,,1
5/25/2022,TRUE,16:33,,2
5/23/2022,TRUE,18:02,10:32,3
5/23/2022,TRUE,18:09,,1
5/26/2022,TRUE,19:21,,1
5/26/2022,TRUE,20:19,,3
5/23/2022,TRUE,19:45,,2
5/25/2022,TRUE,14:18,,3
5/24/2022,TRUE,9:18,,2
5/23/2022,TRUE,,,0
5/26/2022,TRUE,16:05,,2
5/25/2022,TRUE,10:38,,3
5/26/2022,TRUE,17:29,,3
5/25/2022,TRUE,10:54,,2
5/27/2022,TRUE,,,0
5/25/2022,TRUE,8:24,,3
5/26/2022,TRUE,17:28,,2
5/27/2022,TRUE,16:32,,1
5/24/2022,TRUE,13:17,,1
5/25/2022,TRUE,15:59,,2
5/26/2022,TRUE,19:39,,3
5/27/2022,TRUE,15:09,,2
5/27/2022,TRUE,12:25,,1
5/26/2022,TRUE,13:12,,3
5/24/2022,TRUE,18:14,,2
5/27/2022,TRUE,10:36,,1
5/26/2022,TRUE,17:41,,3
5/25/2022,TRUE,19:59,,1
5/27/2022,TRUE,16:05,,3
5/24/2022,TRUE,13:15,,3
5/23/2022,TRUE,20:14,,3
5/24/2022,TRUE,11:50,,3
5/27/2022,TRUE,19:46,,1
5/23/2022,TRUE,9:21,,2
5/24/2022,TRUE,17:03,,2
5/23/2022,TRUE,18:36,,2
5/24/2022,TRUE,,,0
5/26/2022,TRUE,19:10,,2
5/24/2022,TRUE,13:19,,1
5/24/2022,TRUE,18:52,,2
5/23/2022,TRUE,13:58,,3
5/27/2022,TRUE,8:13,,1
5/25/2022,TRUE,15:15,11:28,3
5/26/2022,TRUE,10:54,,2
5/24/2022,TRUE,8:47,,2
5/24/2022,TRUE,12:55,,3
5/24/2022,TRUE,15:57,,1
5/23/2022,TRUE,18:04,,2
5/27/2022,TRUE,18:42,18:22,2
5/27/2022,TRUE,10:06,,3
5/24/2022,TRUE,14:01,,2
5/23/2022,TRUE,19:13,,2
5/23/2022,TRUE,,12:46,0
5/23/2022,TRUE,11:02,,2
5/26/2022,TRUE,14:35,10:13,1
5/25/2022,TRUE,17:11,16:32,1
5/27/2022,TRUE,20:42,,1
5/24/2022,TRUE,16:53,,2
5/25/2022,TRUE,12:33,,3
5/25/2022,TRUE,17:50,,2
5/24/2022,TRUE,9:45,,3
5/24/2022,TRUE,,,0
5/26/2022,TRUE,18:09,,2
5/26/2022,TRUE,9:25,,2
5/23/2022,TRUE,10:03,,2
5/26/2022,TRUE,20:14,21:54,2
5/25/2022,TRUE,12:54,,3
5/23/2022,TRUE,20:13,,3
5/26/2022,TRUE,16:58,,1
5/26/2022,TRUE,15:53,,3
5/25/2022,TRUE,8:32,,3
5/27/2022,TRUE,,,0
5/23/2022,TRUE,8:55,,1
5/25/2022,TRUE,17:33,,1
5/27/2022,TRUE,9:55,,1
5/24/2022,TRUE,13:18,11:19,1
5/23/2022,TRUE,8:22,,2
5/24/2022,TRUE,8:58,,2
5/24/2022,TRUE,17:25,,1
5/23/2022,TRUE,11:16,,1
5/27/2022,TRUE,20:42,,1
5/23/2022,TRUE,11:07,,3
5/24/2022,TRUE,10:39,,3
5/25/2022,TRUE,10:31,,2
5/23/2022,TRUE,15:41,,1
5/23/2022,TRUE,15:46,,2
5/23/2022,TRUE,17:01,,1
5/24/2022,TRUE,19:56,,2
5/25/2022,TRUE,8:36,,3
5/26/2022,TRUE,16:44,,1
5/27/2022,TRUE,,,0
5/26/2022,TRUE,18:18,,2
5/27/2022,TRUE,20:46,,2
5/23/2022,TRUE,,,0
5/24/2022,TRUE,13:10,,1
5/23/2022,TRUE,20:30,,1
5/24/2022,TRUE,20:54,,2
5/25/2022,TRUE,14:52,,2
5/26/2022,TRUE,14:48,,1
5/26/2022,TRUE,12:33,,2
5/26/2022,TRUE,20:31,,1
5/23/2022,TRUE,13:06,,3
5/26/2022,TRUE,18:21,,3
5/25/2022,TRUE,8:33,13:46,1
5/23/2022,TRUE,14:46,,1
5/25/2022,TRUE,17:27,15:38,2
5/26/2022,TRUE,15:26,,1
5/24/2022,TRUE,13:24,,1
5/26/2022,TRUE,8:33,,1
5/27/2022,TRUE,18:17,,1
5/27/2022,TRUE,,,0
5/25/2022,TRUE,10:41,,2
5/25/2022,TRUE,19:53,14:27,2
5/26/2022,TRUE,12:55,,3
5/24/2022,TRUE,18:47,,1
5/27/2022,TRUE,16:15,,3
5/24/2022,TRUE,8:45,,3
5/27/2022,TRUE,15:57,,2
5/26/2022,TRUE,9:01,,1
5/23/2022,TRUE,13:23,,2
5/27/2022,TRUE,8:15,,1
5/26/2022,TRUE,19:33,10:40,2
5/25/2022,TRUE,13:28,,3
5/27/2022,TRUE,11:15,,2
5/24/2022,TRUE,18:53,,1
5/23/2022,TRUE,12:25,,2
5/23/2022,TRUE,19:56,,3
5/24/2022,TRUE,19:30,,1
5/23/2022,TRUE,15:32,,1
5/24/2022,TRUE,9:22,,1
5/27/2022,TRUE,18:16,,2
5/27/2022,TRUE,17:00,,3
5/26/2022,TRUE,12:29,,1
5/25/2022,TRUE,15:36,19:22,3
5/23/2022,TRUE,9:07,,3
5/23/2022,TRUE,20:50,,3
5/27/2022,TRUE,12:52,,1
5/24/2022,TRUE,16:48,,2
5/26/2022,TRUE,,,0
5/25/2022,TRUE,17:41,,2
5/26/2022,TRUE,10:02,,2
5/26/2022,TRUE,,,0
5/26/2022,TRUE,9:16,,3
5/27/2022,TRUE,14:29,,1
5/26/2022,TRUE,14:15,,2
5/27/2022,TRUE,18:05,,2
5/24/2022,TRUE,13:43,,1
5/27/2022,TRUE,14:49,,1
5/24/2022,TRUE,9:09,,2
5/26/2022,TRUE,14:01,,1
5/26/2022,TRUE,17:08,,1
5/26/2022,TRUE,11:10,,1
5/24/2022,TRUE,15:01,,2
5/23/2022,TRUE,20:42,,3
5/23/2022,TRUE,18:01,,1
5/25/2022,TRUE,10:02,,1
5/24/2022,TRUE,8:20,,1
5/27/2022,TRUE,12:13,,3
5/24/2022,TRUE,8:58,,2
5/27/2022,TRUE,18:13,,3
5/25/2022,TRUE,,,0
5/24/2022,TRUE,20:35,,2
5/25/2022,TRUE,8:15,,1
5/24/2022,TRUE,17:21,,2
5/26/2022,TRUE,11:30,,3
5/25/2022,TRUE,8:55,,2
5/25/2022,TRUE,18:28,,2
5/24/2022,TRUE,12:50,16:23,2
5/27/2022,TRUE,10:57,,2
5/25/2022,TRUE,9:49,,1
5/26/2022,TRUE,11:44,,3
5/27/2022,TRUE,17:11,,2
5/27/2022,TRUE,13:14,,2
5/24/2022,TRUE,15:04,18:31,3
5/25/2022,TRUE,18:42,,2
5/25/2022,TRUE,20:00,,1
5/23/2022,TRUE,15:46,,1
5/24/2022,TRUE,9:44,,1
5/23/2022,TRUE,15:22,10:12,1
5/26/2022,TRUE,,,0
5/23/2022,TRUE,9:51,,3
5/24/2022,TRUE,11:17,,2
5/27/2022,TRUE,13:16,,3
5/23/2022,TRUE,10:30,,2
5/26/2022,TRUE,8:00,16:35,3
5/26/2022,TRUE,10:17,,3
5/25/2022,TRUE,15:47,,3
5/27/2022,TRUE,8:34,,1
5/26/2022,TRUE,15:22,,1
5/24/2022,TRUE,17:19,,1
5/25/2022,TRUE,20:16,12:28,3
5/23/2022,TRUE,17:07,,1
5/23/2022,TRUE,8:45,,1
5/26/2022,TRUE,14:23,,3
5/26/2022,TRUE,19:19,,3
5/26/2022,TRUE,16:16,,3
5/23/2022,TRUE,18:20,,2
5/27/2022,TRUE,10:45,,1
5/23/2022,TRUE,12:42,,1
5/27/2022,TRUE,15:10,,2
5/23/2022,TRUE,15:52,,1
5/26/2022,TRUE,20:42,,2
5/25/2022,TRUE,14:11,,2
5/27/2022,TRUE,18:55,18:42,3
5/24/2022,TRUE,19:19,,3
5/24/2022,TRUE,20:42,,1
5/27/2022,TRUE,13:06,,1
5/23/2022,TRUE,11:07,,1
5/23/2022,TRUE,11:37,,2
5/26/2022,TRUE,15:32,,2
5/26/2022,TRUE,14:50,10:22,1
5/25/2022,TRUE,14:27,,1
5/23/2022,TRUE,10:45,,3
5/24/2022,TRUE,9:13,,3
5/24/2022,TRUE,12:56,,2
5/24/2022,TRUE,17:42,,1
5/24/2022,TRUE,18:48,,3
5/25/2022,TRUE,18:42,,2
5/27/2022,TRUE,17:20,,3
5/26/2022,TRUE,16:33,,3
5/23/2022,TRUE,18:22,16:49,1
5/25/2022,TRUE,,,0
5/23/2022,TRUE,15:05,,1
5/27/2022,TRUE,15:37,,3
5/27/2022,TRUE,8:12,,2
5/27/2022,TRUE,19:08,,3
5/27/2022,TRUE,13:28,,1
5/24/2022,TRUE,11:08,,3
5/25/2022,TRUE,19:24,,2
5/24/2022,TRUE,10:06,,2
5/27/2022,TRUE,20:57,16:00,2
5/24/2022,TRUE,10:47,,3
5/26/2022,TRUE,17:13,,1
5/23/2022,TRUE,,,0
5/24/2022,TRUE,16:37,,3
5/24/2022,TRUE,20:03,,1
5/27/2022,TRUE,16:55,,2
5/27/2022,TRUE,14:42,,1
5/24/2022,TRUE,12:24,,1
5/25/2022,TRUE,15:46,11:50,1
5/24/2022,TRUE,16:02,,3
5/25/2022,TRUE,16:59,,3
5/23/2022,TRUE,18:46,,1
5/26/2022,TRUE,19:13,,1
5/23/2022,TRUE,8:29,,3
5/27/2022,TRUE,13:08,,3
5/23/2022,TRUE,17:59,,1
5/25/2022,TRUE,12:25,,3
5/24/2022,TRUE,,16:29,0
5/27/2022,TRUE,16:04,,3
5/24/2022,TRUE,14:39,,3
5/26/2022,TRUE,13:07,20:23,1
5/24/2022,TRUE,19:13,,3
5/25/2022,TRUE,15:21,,3
5/24/2022,TRUE,,,0
5/26/2022,TRUE,10:34,,3
5/26/2022,TRUE,19:04,,1
5/26/2022,TRUE,9:21,,1
5/27/2022,TRUE,18:35,,3
5/27/2022,TRUE,20:12,,2
5/25/2022,TRUE,17:34,,3
5/25/2022,TRUE,14:21,,2
5/27/2022,TRUE,14:04,,3
5/27/2022,TRUE,18:00,,3
5/23/2022,TRUE,16:07,15:25,1
5/24/2022,TRUE,13:43,,1
5/27/2022,TRUE,9:17,,3
5/25/2022,TRUE,18:19,,2
5/24/2022,TRUE,8:27,,2
5/24/2022,TRUE,14:57,,2
5/24/2022,TRUE,11:18,,3
5/26/2022,TRUE,16:31,,3
5/24/2022,TRUE,,,0
5/23/2022,TRUE,18:59,,3
5/26/2022,TRUE,8:48,,1
5/25/2022,TRUE,10:10,,3
5/25/2022,TRUE,14:44,,1
5/25/2022,TRUE,8:15,,2
5/25/2022,TRUE,17:29,,1
5/25/2022,TRUE,19:50,11:02,2
5/27/2022,TRUE,15:00,,1
5/25/2022,TRUE,14:12,,3
5/24/2022,TRUE,9:40,,3
5/26/2022,TRUE,8:48,20:17,2
5/27/2022,TRUE,18:12,,2
5/25/2022,TRUE,11:59,,1
5/27/2022,TRUE,10:18,,2
5/26/2022,TRUE,15:53,,3
5/26/2022,TRUE,8:30,20:33,1
5/24/2022,TRUE,16:22,,3
5/27/2022,TRUE,16:06,,2
5/24/2022,TRUE,16:32,,1
5/27/2022,TRUE,13:25,,2
5/23/2022,TRUE,10:23,,3
5/27/2022,TRUE,15:13,,2
5/23/2022,TRUE,15:22,,3
5/24/2022,TRUE,17:41,,2
5/23/2022,TRUE,17:52,,3
5/27/2022,TRUE,11:51,,1
5/24/2022,TRUE,19:53,,2
5/25/2022,TRUE,8:01,,2
5/24/2022,TRUE,16:29,,2
5/26/2022,TRUE,19:36,,1
5/23/2022,TRUE,14:54,,2
5/24/2022,TRUE,19:14,,2
5/27/2022,TRUE,18:53,,3
5/26/2022,TRUE,16:44,,2
5/25/2022,TRUE,18:12,,1
5/26/2022,TRUE,8:41,,1
5/23/2022,TRUE,20:24,,3
5/24/2022,TRUE,15:33,,2
5/23/2022,TRUE,16:58,,1
5/24/2022,TRUE,8:36,,2
5/24/2022,TRUE,11:41,,1
5/25/2022,TRUE,14:58,,1
5/27/2022,TRUE,14:10,,3
5/23/2022,TRUE,12:32,13:08,3
5/24/2022,TRUE,8:20,,3
5/24/2022,TRUE,18:22,,3
5/26/2022,TRUE,8:14,,1
5/24/2022,TRUE,17:59,,3
5/26/2022,TRUE,,,0
5/26/2022,TRUE,20:49,,2
5/26/2022,TRUE,,,0
5/25/2022,TRUE,11:56,,3
5/24/2022,TRUE,9:44,,2
5/25/2022,TRUE,10:39,,3
5/24/2022,TRUE,10:05,,1
5/23/2022,TRUE,20:01,,3
5/27/2022,TRUE,17:48,,1
5/23/2022,TRUE,14:45,,3
5/24/2022,TRUE,18:26,,1
5/24/2022,TRUE,9:51,,2
5/26/2022,TRUE,14:39,,3
5/26/2022,TRUE,17:34,,2
5/26/2022,TRUE,20:52,11:18,2
5/25/2022,TRUE,19:15,,2
5/25/2022,TRUE,10:39,,2
5/26/2022,TRUE,9:52,,1
5/25/2022,TRUE,13:33,,2
5/23/2022,TRUE,18:33,,3
5/23/2022,TRUE,20:39,18:54,2
5/25/2022,TRUE,13:05,,1
5/26/2022,TRUE,10:48,,2
5/26/2022,TRUE,,,0
5/25/2022,TRUE,11:31,,2
5/23/2022,TRUE,19:08,,3
5/24/2022,TRUE,14:21,18:09,1
5/26/2022,TRUE,10:41,,3
5/27/2022,TRUE,20:03,,2
5/27/2022,TRUE,20:15,,3
5/25/2022,TRUE,11:29,,2
5/25/2022,TRUE,8:58,,1
5/27/2022,TRUE,10:48,,3
5/27/2022,TRUE,,,0
5/27/2022,TRUE,11:37,17:50,3
5/23/2022,TRUE,8:49,,1
5/24/2022,TRUE,10:01,,2
5/26/2022,TRUE,16:35,,2
5/23/2022,TRUE,15:30,,1
5/27/2022,TRUE,19:50,13:22,1
5/24/2022,TRUE,20:11,,3
5/25/2022,TRUE,20:04,,2
5/26/2022,TRUE,,,0
5/25/2022,TRUE,19:30,,1
5/23/2022,TRUE,14:47,14:17,1
5/23/2022,TRUE,18:38,,3
5/26/2022,TRUE,11:17,,1
5/25/2022,TRUE,13:10,,1
5/27/2022,TRUE,11:42,,3
5/27/2022,TRUE,10:28,,1
5/24/2022,TRUE,,,0
5/23/2022,TRUE,18:45,,2
5/24/2022,TRUE,9:42,,2
5/24/2022,TRUE,16:59,,2
5/24/2022,TRUE,,,0
5/23/2022,TRUE,19:33,,1
5/27/2022,TRUE,16:26,,3
5/24/2022,TRUE,20:16,,1
5/23/2022,TRUE,12:33,,2
5/27/2022,TRUE,9:16,,2
5/24/2022,TRUE,20:58,12:44,3
5/26/2022,TRUE,20:54,,3
5/27/2022,TRUE,19:40,,1
5/23/2022,TRUE,17:19,,2
5/23/2022,TRUE,13:13,11:36,1
5/24/2022,TRUE,20:24,,2
5/25/2022,TRUE,15:58,,3
5/26/2022,TRUE,15:54,,3
5/24/2022,TRUE,10:20,13:45,1
5/27/2022,TRUE,,,0
5/23/2022,TRUE,12:47,,2
5/23/2022,TRUE,14:11,,2
5/26/2022,TRUE,10:19,,2
5/23/2022,TRUE,8:20,,2
5/24/2022,TRUE,18:32,,3
5/26/2022,TRUE,20:07,14:52,2
5/25/2022,TRUE,15:10,,1
5/26/2022,TRUE,11:32,,3
5/27/2022,TRUE,,,0
5/26/2022,TRUE,,,0
5/26/2022,TRUE,17:20,,3
5/27/2022,TRUE,14:13,,1
5/26/2022,TRUE,12:18,,1
5/26/2022,TRUE,10:28,13:00,2
5/25/2022,TRUE,11:09,,1
5/23/2022,TRUE,16:08,,3
5/27/2022,TRUE,10:37,,2
5/25/2022,TRUE,20:20,,3
5/25/2022,TRUE,15:16,,2
5/24/2022,TRUE,19:43,,2
5/25/2022,TRUE,20:40,,2
5/24/2022,TRUE,11:35,,1
5/24/2022,TRUE,17:50,,2
5/26/2022,TRUE,19:05,,3
5/26/2022,TRUE,19:43,,3
5/23/2022,TRUE,19:13,,3
5/25/2022,TRUE,20:36,19:10,2
5/23/2022,TRUE,11:03,,2
5/26/2022,TRUE,14:15,15:41,1
5/24/2022,TRUE,16:27,10:46,3
5/24/2022,TRUE,17:21,,1
5/23/2022,TRUE,15:25,,2
5/23/2022,TRUE,14:58,,2
5/25/2022,TRUE,13:52,,3
5/26/2022,TRUE,9:40,,3
5/24/2022,TRUE,19:52,,3
5/27/2022,TRUE,9:03,,2
5/27/2022,TRUE,,,0
5/23/2022,TRUE,8:17,,3
5/23/2022,TRUE,18:24,,2
5/27/2022,TRUE,16:55,,3
5/23/2022,TRUE,,,0
5/23/2022,TRUE,20:44,,1
5/25/2022,TRUE,12:44,,2
5/25/2022,TRUE,9:30,,1
5/26/2022,TRUE,8:17,,3
5/25/2022,TRUE,15:45,,2
5/25/2022,TRUE,9:56,,2
5/27/2022,TRUE,12:13,,1
5/26/2022,TRUE,13:28,,3
5/24/2022,TRUE,19:36,,1
5/23/2022,TRUE,16:09,,2
5/25/2022,TRUE,17:20,,1
5/27/2022,TRUE,8:01,,2
5/23/2022,TRUE,19:48,,1
5/27/2022,TRUE,13:22,,2
5/24/2022,TRUE,20:11,,2
5/25/2022,TRUE,14:41,,1
5/24/2022,TRUE,,,0
5/27/2022,TRUE,13:40,,2
5/26/2022,TRUE,13:11,,3
5/24/2022,TRUE,20:21,,2
5/23/2022,TRUE,13:14,17:30,1
5/27/2022,TRUE,,,0
5/24/2022,TRUE,17:53,,1
5/24/2022,TRUE,9:59,,1
5/27/2022,TRUE,10:36,,3
5/23/2022,TRUE,13:32,,3
5/24/2022,TRUE,14:06,,1
5/24/2022,TRUE,11:41,,2
5/25/2022,TRUE,15:36,,1
5/26/2022,TRUE,19:17,,1
5/24/2022,TRUE,18:18,,2
5/25/2022,TRUE,17:28,17:08,3
5/23/2022,TRUE,8:28,,3
5/27/2022,TRUE,8:07,,1
5/26/2022,TRUE,15:02,,2
5/25/2022,TRUE,11:21,,2
5/25/2022,TRUE,13:10,,2
5/23/2022,TRUE,17:31,,1
5/25/2022,TRUE,19:27,,3
5/24/2022,TRUE,11:14,,3
5/26/2022,TRUE,19:35,,2
5/24/2022,TRUE,14:35,,3
5/26/2022,TRUE,13:32,,2
5/25/2022,TRUE,,,0
5/27/2022,TRUE,17:18,,2
5/25/2022,TRUE,16:19,,2
5/25/2022,TRUE,18:39,,2
5/26/2022,TRUE,12:36,,1
5/23/2022,TRUE,13:27,,1
5/26/2022,TRUE,16:57,,2
5/23/2022,TRUE,8:40,14:41,2
5/27/2022,TRUE,10:04,,2
5/25/2022,TRUE,20:06,,3
5/25/2022,TRUE,12:33,,1
5/24/2022,TRUE,18:31,,2
5/25/2022,TRUE,16:50,,3
5/26/2022,TRUE,13:12,,2
5/23/2022,TRUE,20:01,,2
5/26/2022,TRUE,,,0
5/27/2022,TRUE,,,0
5/24/2022,TRUE,19:26,,1
5/26/2022,TRUE,,,0
5/23/2022,TRUE,16:32,,3
5/23/2022,TRUE,15:49,,1
5/23/2022,TRUE,11:53,,2
5/25/2022,TRUE,17:32,,2
5/26/2022,TRUE,10:03,,1
5/26/2022,TRUE,12:41,,3
5/24/2022,TRUE,17:57,,2
5/24/2022,TRUE,19:54,19:13,1
5/24/2022,TRUE,8:37,,2
5/23/2022,TRUE,10:07,,3
5/24/2022,TRUE,14:49,,3
5/26/2022,TRUE,11:39,,2
5/26/2022,TRUE,11:22,,1
5/23/2022,TRUE,14:32,,2
5/25/2022,TRUE,14:38,,1
5/24/2022,TRUE,10:27,,1
5/25/2022,TRUE,19:26,,2
5/27/2022,TRUE,20:52,,1
5/26/2022,TRUE,10:22,,3
5/6/2022,TRUE,20:10,,1
5/3/2022,TRUE,15:27,,1
5/2/2022,TRUE,10:13,,3
5/5/2022,TRUE,14:57,,3
5/2/2022,TRUE,19:57,10:58,3
5/5/2022,TRUE,17:56,14:59,2
5/6/2022,TRUE,12:17,,2
5/5/2022,TRUE,10:06,,2
5/3/2022,TRUE,8:09,,2
5/3/2022,TRUE,14:05,,2
5/2/2022,TRUE,11:45,,1
5/3/2022,TRUE,14:42,14:08,1
5/6/2022,TRUE,10:27,10:35,1
5/2/2022,TRUE,8:00,,2
5/5/2022,TRUE,12:31,,1
5/3/2022,TRUE,13:10,,3
5/4/2022,TRUE,19:24,,2
5/6/2022,TRUE,12:48,,2
5/2/2022,TRUE,15:46,,2
5/6/2022,TRUE,18:43,,1
5/5/2022,TRUE,19:07,,2
5/2/2022,TRUE,13:11,22:36,2
5/3/2022,TRUE,13:40,,3
5/6/2022,TRUE,19:00,,3
5/2/2022,TRUE,8:29,,1
5/4/2022,TRUE,20:45,,3
5/6/2022,TRUE,13:57,,1
5/6/2022,TRUE,20:36,,2
5/3/2022,TRUE,19:41,,1
5/5/2022,TRUE,12:50,,3
5/2/2022,TRUE,16:20,,2
5/5/2022,TRUE,11:10,,3
5/4/2022,TRUE,16:17,,2
5/5/2022,TRUE,8:23,,2
5/6/2022,TRUE,15:06,,1
5/4/2022,TRUE,9:19,,1
5/2/2022,TRUE,17:11,,3
5/6/2022,TRUE,14:40,,2
5/3/2022,TRUE,19:19,,3
5/5/2022,TRUE,10:59,,2
5/2/2022,TRUE,17:37,,2
5/3/2022,TRUE,15:05,14:03,2
5/2/2022,TRUE,11:48,,3
5/2/2022,TRUE,15:36,,3
5/5/2022,TRUE,17:12,16:03,3
5/6/2022,TRUE,,,0
5/2/2022,TRUE,11:28,,3
5/4/2022,TRUE,13:33,22:15,1
5/3/2022,TRUE,17:02,,3
5/5/2022,TRUE,19:11,,2
5/4/2022,TRUE,9:53,,2
5/3/2022,TRUE,11:40,,1
5/6/2022,TRUE,13:24,,1
5/2/2022,TRUE,20:08,,1
5/6/2022,TRUE,16:37,,2
5/3/2022,TRUE,11:19,,1
5/2/2022,TRUE,18:09,,3
5/3/2022,TRUE,14:22,,2
5/6/2022,TRUE,9:37,,1
5/4/2022,TRUE,12:18,,3
5/6/2022,TRUE,8:41,,2
5/5/2022,TRUE,12:34,,3
5/3/2022,TRUE,10:34,,3
5/6/2022,TRUE,16:12,,3
5/5/2022,TRUE,16:33,,1
5/2/2022,TRUE,19:46,16:37,1
5/4/2022,TRUE,,,0
5/3/2022,TRUE,,,0
5/2/2022,TRUE,17:17,,1
5/4/2022,TRUE,17:29,,3
5/3/2022,TRUE,13:33,,2
5/4/2022,TRUE,10:09,22:42,1
5/5/2022,TRUE,15:30,,1
5/4/2022,TRUE,8:01,,3
5/3/2022,TRUE,19:52,,2
5/2/2022,TRUE,16:29,,3
5/2/2022,TRUE,10:27,,3
5/4/2022,TRUE,10:00,,3
5/4/2022,TRUE,17:45,,2
5/6/2022,TRUE,17:25,,3
5/5/2022,TRUE,20:53,,2
5/2/2022,TRUE,17:16,,3
5/6/2022,TRUE,,,0
5/4/2022,TRUE,19:58,,1
5/6/2022,TRUE,16:54,,1
5/4/2022,TRUE,13:03,,1
5/3/2022,TRUE,20:56,,2
5/4/2022,TRUE,14:42,18:06,2
5/2/2022,TRUE,19:26,13:34,1
5/6/2022,TRUE,9:06,,3
5/6/2022,TRUE,8:38,,2
5/3/2022,TRUE,14:07,17:34,1
5/3/2022,TRUE,8:08,,1
5/4/2022,TRUE,20:38,,1
5/2/2022,TRUE,12:35,,1
5/5/2022,TRUE,11:50,,1
5/3/2022,TRUE,19:10,,1
5/5/2022,TRUE,19:18,,2
5/4/2022,TRUE,9:40,,2
5/6/2022,TRUE,17:09,,2
5/4/2022,TRUE,20:05,,3
5/4/2022,TRUE,16:17,,2
5/4/2022,TRUE,13:38,,2
5/6/2022,TRUE,17:01,,1
5/4/2022,TRUE,9:27,,2
5/5/2022,TRUE,19:02,21:15,1
5/2/2022,TRUE,14:44,,2
5/4/2022,TRUE,8:04,,2
5/3/2022,TRUE,20:48,,2
5/2/2022,TRUE,16:29,,3
5/3/2022,TRUE,8:09,,3
5/4/2022,TRUE,19:47,,2
5/5/2022,TRUE,13:15,,2
5/2/2022,TRUE,14:52,,3
5/4/2022,TRUE,9:38,,2
5/4/2022,TRUE,10:37,,3
5/2/2022,TRUE,11:05,,2
5/3/2022,TRUE,16:26,,1
5/3/2022,TRUE,16:10,,1
5/5/2022,TRUE,,,0
5/2/2022,TRUE,8:55,17:09,2
5/4/2022,TRUE,18:44,,2
5/5/2022,TRUE,18:44,10:06,2
5/5/2022,TRUE,16:20,,3
5/3/2022,TRUE,14:50,,2
5/2/2022,TRUE,12:06,,3
5/5/2022,TRUE,20:33,17:50,1
5/4/2022,TRUE,18:42,,3
5/2/2022,TRUE,9:41,,1
5/4/2022,TRUE,16:01,,3
5/4/2022,TRUE,20:51,,2
5/3/2022,TRUE,9:15,,3
5/6/2022,TRUE,17:49,,1
5/4/2022,TRUE,10:44,,2
5/5/2022,TRUE,16:18,,3
5/5/2022,TRUE,14:20,,3
5/4/2022,TRUE,11:16,,3
5/2/2022,TRUE,11:58,,3
5/4/2022,TRUE,13:42,,2
5/3/2022,TRUE,10:22,,1
5/3/2022,TRUE,10:52,,1
5/2/2022,TRUE,16:56,,1
5/5/2022,TRUE,14:19,,3
5/2/2022,TRUE,18:22,,3
5/6/2022,TRUE,9:33,20:47,1
5/6/2022,TRUE,18:50,15:35,3
5/6/2022,TRUE,8:59,20:13,1
5/5/2022,TRUE,15:02,,2
5/4/2022,TRUE,9:37,,1
5/3/2022,TRUE,8:48,11:10,3
5/2/2022,TRUE,16:31,,3
5/4/2022,TRUE,14:44,,1
5/6/2022,TRUE,17:55,,3
5/3/2022,TRUE,19:11,,3
5/2/2022,TRUE,19:30,,3
5/6/2022,TRUE,19:58,,1
5/2/2022,TRUE,16:36,,1
5/6/2022,TRUE,12:30,,2
5/6/2022,TRUE,18:22,,3
5/5/2022,TRUE,20:58,,2
5/4/2022,TRUE,18:03,13:09,1
5/5/2022,TRUE,12:10,,2
5/4/2022,TRUE,12:43,,1
5/6/2022,TRUE,9:17,,3
5/3/2022,TRUE,8:10,,2
5/6/2022,TRUE,18:06,,2
5/5/2022,TRUE,10:59,,1
5/3/2022,TRUE,9:47,,3
5/2/2022,TRUE,20:03,,1
5/2/2022,TRUE,10:14,,1
5/5/2022,TRUE,16:36,,2
5/6/2022,TRUE,9:11,18:09,2
5/2/2022,TRUE,20:59,17:19,2
5/6/2022,TRUE,9:12,,1
5/6/2022,TRUE,11:12,,2
5/5/2022,TRUE,10:26,,2
5/6/2022,TRUE,10:05,,2
5/2/2022,TRUE,14:47,,3
5/5/2022,TRUE,10:48,,2
5/5/2022,TRUE,15:56,,3
5/5/2022,TRUE,14:59,,2
5/4/2022,TRUE,19:10,,2
5/6/2022,TRUE,12:21,,2
5/5/2022,TRUE,16:56,19:09,2
5/4/2022,TRUE,19:22,17:15,1
5/5/2022,TRUE,19:59,,1
5/3/2022,TRUE,13:39,,3
5/3/2022,TRUE,14:51,,2
5/5/2022,TRUE,9:38,,1
5/3/2022,TRUE,19:38,,1
5/5/2022,TRUE,11:45,,1
5/5/2022,TRUE,16:16,,3
5/5/2022,TRUE,16:13,,1
5/6/2022,TRUE,16:06,,3
5/6/2022,TRUE,18:00,,1
5/6/2022,TRUE,18:58,,3
5/5/2022,TRUE,17:58,,2
5/3/2022,TRUE,13:30,,3
5/6/2022,TRUE,9:36,,3
5/2/2022,TRUE,16:31,15:22,1
5/2/2022,TRUE,12:08,,2
5/6/2022,TRUE,20:18,,2
5/5/2022,TRUE,13:53,,1
5/4/2022,TRUE,8:11,10:05,3
5/4/2022,TRUE,18:08,19:50,3
5/2/2022,TRUE,15:11,,1
5/4/2022,TRUE,11:16,,2
5/2/2022,TRUE,18:40,,2
5/6/2022,TRUE,15:35,18:11,1
5/6/2022,TRUE,,,0
5/5/2022,TRUE,15:16,,3
5/6/2022,TRUE,13:28,,2
5/6/2022,TRUE,12:59,,1
5/5/2022,TRUE,11:39,,1
5/4/2022,TRUE,17:58,,2
5/2/2022,TRUE,13:07,,1
5/3/2022,TRUE,9:43,,1
5/5/2022,TRUE,10:14,,2
5/6/2022,TRUE,14:14,,3
5/5/2022,TRUE,11:13,,2
5/3/2022,TRUE,12:05,,1
5/4/2022,TRUE,12:31,,1
5/5/2022,TRUE,12:15,,2
5/4/2022,TRUE,15:01,,2
5/4/2022,TRUE,13:50,,3
5/2/2022,TRUE,11:57,,1
5/5/2022,TRUE,16:18,,2
5/5/2022,TRUE,,,0
5/3/2022,TRUE,,,0
5/5/2022,TRUE,11:33,,2
5/5/2022,TRUE,12:02,,2
5/5/2022,TRUE,8:47,,2
5/6/2022,TRUE,11:23,,1
5/4/2022,TRUE,11:11,,3
5/6/2022,TRUE,18:05,,3
5/4/2022,TRUE,9:31,,1
5/6/2022,TRUE,18:54,,3
5/6/2022,TRUE,13:21,,2
5/2/2022,TRUE,16:06,,3
5/6/2022,TRUE,14:25,,1
5/2/2022,TRUE,10:13,,1
5/3/2022,TRUE,15:34,,1
5/5/2022,TRUE,15:47,,2
5/5/2022,TRUE,16:07,,3
5/6/2022,TRUE,20:46,,3
5/3/2022,TRUE,13:38,,3
5/3/2022,TRUE,18:04,,3
5/5/2022,TRUE,14:09,,2
5/4/2022,TRUE,20:35,,2
5/2/2022,TRUE,19:38,,3
5/4/2022,TRUE,12:38,,1
5/2/2022,TRUE,13:05,17:59,1
5/4/2022,TRUE,15:33,,1
5/5/2022,TRUE,13:53,,2
5/2/2022,TRUE,,,0
5/2/2022,TRUE,16:02,,1
5/4/2022,TRUE,9:41,,1
5/3/2022,TRUE,8:00,,3
5/6/2022,TRUE,12:11,,3
5/4/2022,TRUE,13:42,,2
5/6/2022,TRUE,14:27,,2
5/4/2022,TRUE,9:00,,3
5/3/2022,TRUE,20:09,18:31,1
5/5/2022,TRUE,11:51,,1
5/5/2022,TRUE,17:22,,2
5/2/2022,TRUE,19:55,,2
5/6/2022,TRUE,14:06,,2
5/6/2022,TRUE,14:33,,1
5/4/2022,TRUE,13:55,,1
5/4/2022,TRUE,20:25,,3
5/3/2022,TRUE,20:44,21:56,2
5/3/2022,TRUE,11:41,,2
5/2/2022,TRUE,16:49,,2
5/4/2022,TRUE,18:17,,1
5/3/2022,TRUE,11:43,,2
5/2/2022,TRUE,19:01,,3
5/3/2022,TRUE,16:30,,2
5/6/2022,TRUE,9:47,,1
5/5/2022,TRUE,16:13,,1
5/4/2022,TRUE,14:04,,2
5/4/2022,TRUE,17:19,,1
5/2/2022,TRUE,14:28,,2
5/2/2022,TRUE,9:22,,3
5/3/2022,TRUE,15:54,,1
5/3/2022,TRUE,11:37,,3
5/6/2022,TRUE,16:08,,1
5/4/2022,TRUE,12:41,21:55,2
5/4/2022,TRUE,8:51,,3
5/4/2022,TRUE,12:00,,3
5/3/2022,TRUE,,,0
5/4/2022,TRUE,15:56,,3
5/4/2022,TRUE,9:42,,2
5/5/2022,TRUE,17:51,,1
5/2/2022,TRUE,11:48,,1
5/2/2022,TRUE,17:51,11:56,2
5/3/2022,TRUE,12:18,,1
5/6/2022,TRUE,13:53,,1
5/6/2022,TRUE,13:25,,2
5/5/2022,TRUE,18:57,,3
5/6/2022,TRUE,14:41,,3
5/4/2022,TRUE,9:27,,3
5/6/2022,TRUE,19:57,,2
5/5/2022,TRUE,8:45,,1
5/4/2022,TRUE,12:47,,3
5/5/2022,TRUE,16:54,,3
5/6/2022,TRUE,14:32,,2
5/4/2022,TRUE,17:27,,2
5/6/2022,TRUE,20:25,,3
5/5/2022,TRUE,11:45,,2
5/5/2022,TRUE,10:30,,3
5/5/2022,TRUE,15:40,,3
5/6/2022,TRUE,12:54,,2
5/2/2022,TRUE,13:10,,2
5/2/2022,TRUE,16:09,,1
5/4/2022,TRUE,11:36,,1
5/6/2022,TRUE,18:10,,1
5/3/2022,TRUE,20:35,,2
5/2/2022,TRUE,17:04,,3
5/6/2022,TRUE,10:30,,1
5/6/2022,TRUE,8:12,,2
5/2/2022,TRUE,,,0
5/6/2022,TRUE,8:29,,1
5/3/2022,TRUE,10:47,,2
5/5/2022,TRUE,19:01,,2
5/3/2022,TRUE,20:37,,2
5/2/2022,TRUE,15:16,,3
5/5/2022,TRUE,15:25,22:03,1
5/5/2022,TRUE,17:22,,1
5/4/2022,TRUE,18:33,,3
5/6/2022,TRUE,16:08,,2
5/2/2022,TRUE,15:44,,2
5/5/2022,TRUE,13:01,,1
5/5/2022,TRUE,19:41,,3
5/4/2022,TRUE,16:47,,3
5/2/2022,TRUE,10:23,,3
5/6/2022,TRUE,9:19,,2
5/2/2022,TRUE,9:15,,2
5/5/2022,TRUE,8:18,,3
5/3/2022,TRUE,15:40,16:25,1
5/6/2022,TRUE,16:37,16:30,1
5/5/2022,TRUE,20:19,,2
5/2/2022,TRUE,,,0
5/6/2022,TRUE,15:48,,1
5/4/2022,TRUE,8:32,,1
5/6/2022,TRUE,12:27,,1
5/6/2022,TRUE,19:54,,3
5/6/2022,TRUE,,,0
5/3/2022,TRUE,18:56,,2
5/3/2022,TRUE,17:41,,2
5/3/2022,TRUE,16:49,,1
5/2/2022,TRUE,17:32,,1
5/3/2022,TRUE,12:09,,2
5/6/2022,TRUE,20:09,,2
5/6/2022,TRUE,20:29,,2
5/4/2022,TRUE,,21:32,0
5/6/2022,TRUE,14:14,,2
5/2/2022,TRUE,17:11,,2
5/4/2022,TRUE,11:54,,2
5/6/2022,TRUE,17:37,10:02,2
5/3/2022,TRUE,13:21,,1
5/6/2022,TRUE,9:31,,3
5/2/2022,TRUE,12:29,,1
5/3/2022,TRUE,17:05,,3
5/6/2022,TRUE,14:48,,1
5/2/2022,TRUE,19:35,,3
5/3/2022,TRUE,12:21,,2
5/4/2022,TRUE,12:18,,2
5/6/2022,TRUE,13:36,13:23,2
5/4/2022,TRUE,12:59,,2
5/3/2022,TRUE,20:56,,2
5/6/2022,TRUE,8:22,,3
5/2/2022,TRUE,17:36,,3
5/3/2022,TRUE,19:22,,1
5/2/2022,TRUE,15:48,,2
5/2/2022,TRUE,18:00,,3
5/4/2022,TRUE,9:10,,3
5/6/2022,TRUE,12:03,12:16,3
5/4/2022,TRUE,12:36,,3
5/2/2022,TRUE,12:55,10:55,3
5/2/2022,TRUE,15:18,,2
5/3/2022,TRUE,17:56,,3
5/4/2022,TRUE,16:17,,3
5/5/2022,TRUE,11:06,,2
5/4/2022,TRUE,20:47,,1
5/5/2022,TRUE,13:48,,3
5/4/2022,TRUE,12:56,22:28,1
5/6/2022,TRUE,11:25,,2
5/5/2022,TRUE,12:45,,1
5/5/2022,TRUE,12:11,,3
5/4/2022,TRUE,9:53,,1
5/6/2022,TRUE,15:17,,1
5/4/2022,TRUE,19:33,,1
5/2/2022,TRUE,18:47,,2
5/3/2022,TRUE,14:13,,2
5/3/2022,TRUE,11:22,,2
5/5/2022,TRUE,14:43,,1
5/3/2022,TRUE,10:16,,3
5/6/2022,TRUE,11:22,,3
5/5/2022,TRUE,16:39,,3
5/5/2022,TRUE,8:16,,3
5/2/2022,TRUE,12:58,,1
5/5/2022,TRUE,17:15,,1
5/2/2022,TRUE,20:15,,2
5/6/2022,TRUE,18:25,,3
5/6/2022,TRUE,19:21,,1
5/6/2022,TRUE,10:25,18:59,3
5/2/2022,TRUE,14:48,,1
5/6/2022,TRUE,15:03,,3
5/3/2022,TRUE,8:53,,3
5/2/2022,TRUE,19:05,,1
5/3/2022,TRUE,15:54,,2
5/4/2022,TRUE,15:14,,2
5/3/2022,TRUE,16:51,,1
5/3/2022,TRUE,18:26,13:42,1
5/2/2022,TRUE,10:27,,2
5/4/2022,TRUE,17:31,,2
5/6/2022,TRUE,13:24,,2
5/4/2022,TRUE,15:13,,2
5/5/2022,TRUE,12:12,,1
5/3/2022,TRUE,13:08,,1
5/6/2022,TRUE,10:01,,1
5/6/2022,TRUE,8:18,14:45,3
5/3/2022,TRUE,8:46,,2
5/4/2022,TRUE,10:27,,2
5/5/2022,TRUE,19:29,,2
5/6/2022,TRUE,16:14,,1
5/6/2022,TRUE,,,0
5/5/2022,TRUE,15:49,,1
5/2/2022,TRUE,10:42,,1
5/4/2022,TRUE,15:32,,3
5/3/2022,TRUE,9:35,12:40,3
5/6/2022,TRUE,18:31,,2
5/4/2022,TRUE,13:00,,1
5/5/2022,TRUE,20:33,,3
5/4/2022,TRUE,15:50,,2
5/5/2022,TRUE,16:43,,3
5/5/2022,TRUE,12:32,,2
5/3/2022,TRUE,11:51,,1
5/2/2022,TRUE,17:15,,3
5/6/2022,TRUE,20:56,,3
5/3/2022,TRUE,12:43,,3
5/3/2022,TRUE,17:02,,3
5/2/2022,TRUE,18:46,,3
5/6/2022,TRUE,19:44,,3
5/4/2022,TRUE,8:19,,3
5/4/2022,TRUE,13:28,,3
5/2/2022,TRUE,10:59,,1
5/6/2022,TRUE,20:15,,3
5/2/2022,TRUE,15:09,,1
5/3/2022,TRUE,19:35,,3
5/6/2022,TRUE,13:10,,2
5/3/2022,TRUE,15:01,,2
5/6/2022,TRUE,20:51,,1
5/5/2022,TRUE,17:56,,1
5/5/2022,TRUE,8:29,,3
5/5/2022,TRUE,14:06,,3
5/5/2022,TRUE,14:06,,3
5/6/2022,TRUE,19:43,,3
5/3/2022,TRUE,11:54,,3
5/4/2022,TRUE,13:10,,3
5/5/2022,TRUE,10:53,,2
5/6/2022,TRUE,11:28,,3
5/6/2022,TRUE,15:37,,3
5/4/2022,TRUE,20:14,,2
5/5/2022,TRUE,13:03,19:57,3
5/3/2022,TRUE,16:37,,1
5/3/2022,TRUE,9:25,,1
5/4/2022,TRUE,8:35,,1
5/2/2022,TRUE,13:36,,3
5/2/2022,TRUE,16:10,,3
5/5/2022,TRUE,11:24,,1
5/3/2022,TRUE,15:23,,2
5/6/2022,TRUE,9:38,,3
5/5/2022,TRUE,15:27,,1
5/6/2022,TRUE,18:14,,2
5/6/2022,TRUE,9:17,,3
5/5/2022,TRUE,11:39,,2
5/2/2022,TRUE,9:13,,1
5/5/2022,TRUE,10:19,,1
5/5/2022,TRUE,8:21,,2
5/5/2022,TRUE,12:04,,2
5/2/2022,TRUE,14:13,,2
5/5/2022,TRUE,16:02,,2
5/3/2022,TRUE,8:55,,1
5/6/2022,TRUE,10:41,,3
5/6/2022,TRUE,13:47,,3
5/6/2022,TRUE,15:44,,2
5/6/2022,TRUE,11:44,,3
5/4/2022,TRUE,14:48,,1
5/2/2022,TRUE,18:35,22:47,3
5/4/2022,TRUE,17:58,,2
5/3/2022,TRUE,10:24,,1
5/4/2022,TRUE,16:59,21:19,2
5/5/2022,TRUE,16:49,,2
5/5/2022,TRUE,20:07,,3
5/3/2022,TRUE,19:23,,2
5/2/2022,TRUE,10:53,,2
5/2/2022,TRUE,11:16,,2
5/6/2022,TRUE,14:56,,1
5/4/2022,TRUE,16:13,,1
5/2/2022,TRUE,8:24,,3
5/4/2022,TRUE,19:22,,2
5/6/2022,TRUE,10:06,18:09,1
5/3/2022,TRUE,10:55,,3
5/4/2022,TRUE,12:50,11:59,1
5/6/2022,TRUE,11:20,12:32,2
5/6/2022,TRUE,9:57,,1
5/6/2022,TRUE,,19:25,0
5/2/2022,TRUE,11:08,,1
5/3/2022,TRUE,15:01,13:49,2
5/3/2022,TRUE,14:30,,1
5/2/2022,TRUE,19:08,,2
5/3/2022,TRUE,20:48,,1
5/6/2022,TRUE,20:19,,2
5/2/2022,TRUE,17:34,,3
5/3/2022,TRUE,18:28,,2
5/6/2022,TRUE,11:53,19:07,2
5/4/2022,TRUE,14:42,,3
5/6/2022,TRUE,8:22,,3
5/3/2022,TRUE,11:39,,3
5/4/2022,TRUE,8:03,,2
5/4/2022,TRUE,16:27,,3
5/3/2022,TRUE,12:08,,1
5/2/2022,TRUE,8:26,,2
5/3/2022,TRUE,8:09,22:38,2
5/5/2022,TRUE,18:40,,3
5/6/2022,TRUE,13:11,,2
5/5/2022,TRUE,13:15,,2
5/2/2022,TRUE,19:13,,2
5/3/2022,TRUE,20:15,,3
5/2/2022,TRUE,9:04,,3
5/6/2022,TRUE,11:58,,1
5/4/2022,TRUE,16:32,,1
5/5/2022,TRUE,14:50,,2
5/4/2022,TRUE,11:45,,2
5/2/2022,TRUE,13:10,,1
5/6/2022,TRUE,10:14,,1
5/3/2022,TRUE,9:33,,2
5/6/2022,TRUE,12:10,,3
5/2/2022,TRUE,11:18,,3
5/4/2022,TRUE,12:39,,3
5/2/2022,TRUE,12:33,,1
5/3/2022,TRUE,11:05,,2
5/3/2022,TRUE,19:10,,2
5/6/2022,TRUE,17:59,,2
5/3/2022,TRUE,9:01,,2
5/3/2022,TRUE,14:24,,1
5/5/2022,TRUE,20:54,,1
5/5/2022,TRUE,17:09,,1
5/5/2022,TRUE,10:04,,1
5/6/2022,TRUE,14:12,,3
5/6/2022,TRUE,16:21,20:10,2
5/5/2022,TRUE,,,0
5/5/2022,TRUE,19:53,,3
5/2/2022,TRUE,19:00,,1
5/2/2022,TRUE,14:55,,3
5/5/2022,TRUE,17:56,20:49,3
5/6/2022,TRUE,9:59,,2
5/3/2022,TRUE,20:55,,2
5/6/2022,TRUE,9:21,,1
5/4/2022,TRUE,15:19,,3
5/5/2022,TRUE,10:57,,2
5/6/2022,TRUE,11:42,,3
5/5/2022,TRUE,15:03,,2
5/3/2022,TRUE,11:16,,3
5/2/2022,TRUE,17:51,,1
5/4/2022,TRUE,17:52,,1
5/5/2022,TRUE,9:52,,1
5/2/2022,TRUE,12:35,,1
5/6/2022,TRUE,9:45,,2
5/6/2022,TRUE,11:51,14:00,1
5/5/2022,TRUE,19:28,,2
5/4/2022,TRUE,10:18,,3
5/6/2022,TRUE,16:48,,1
5/2/2022,TRUE,20:09,,3
5/3/2022,TRUE,11:14,,2
5/3/2022,TRUE,20:18,,1
5/6/2022,TRUE,17:05,,1
5/6/2022,TRUE,19:21,13:07,1
5/6/2022,TRUE,10:54,,2
5/5/2022,TRUE,15:02,,3
5/5/2022,TRUE,10:34,,1
5/6/2022,TRUE,12:01,,2
5/6/2022,TRUE,19:42,,3
5/2/2022,TRUE,13:07,,2
5/3/2022,TRUE,15:58,,1
5/3/2022,TRUE,14:06,,3
5/4/2022,TRUE,15:42,,1
5/6/2022,TRUE,11:17,,1
5/3/2022,TRUE,15:32,,1
5/5/2022,TRUE,11:27,,2
5/5/2022,TRUE,14:47,,3
5/4/2022,TRUE,20:23,,2
5/5/2022,TRUE,8:11,,3
5/6/2022,TRUE,10:49,,3
5/4/2022,TRUE,14:06,,1
5/4/2022,TRUE,8:45,,2
5/4/2022,TRUE,8:03,19:41,3
5/3/2022,TRUE,15:07,,3
5/6/2022,TRUE,8:11,,2
5/6/2022,TRUE,11:42,,2
5/6/2022,TRUE,15:45,,2
5/3/2022,TRUE,10:37,,3
5/2/2022,TRUE,,,0
5/2/2022,TRUE,17:31,21:18,1
5/3/2022,TRUE,16:51,17:41,2
5/5/2022,TRUE,19:05,,1
5/2/2022,TRUE,9:56,,1
5/3/2022,TRUE,9:56,,1
5/4/2022,TRUE,13:49,,3
5/2/2022,TRUE,9:20,,2
5/3/2022,TRUE,15:01,,2
5/4/2022,TRUE,8:49,,2
5/3/2022,TRUE,20:49,,1
5/4/2022,TRUE,10:41,,2
5/3/2022,TRUE,16:44,,1
5/5/2022,TRUE,14:32,11:08,2
5/5/2022,TRUE,13:05,,3
5/5/2022,TRUE,8:44,,3
5/2/2022,TRUE,19:50,,2
5/3/2022,TRUE,20:15,,3
5/5/2022,TRUE,16:31,,1
5/3/2022,TRUE,17:59,,2
5/4/2022,TRUE,11:08,,3
5/4/2022,TRUE,9:36,,1
5/4/2022,TRUE,8:56,,2
5/2/2022,TRUE,19:16,,2
5/6/2022,TRUE,18:35,,2
5/5/2022,TRUE,9:12,12:07,2
5/4/2022,TRUE,8:43,,1
5/5/2022,TRUE,9:52,,1
5/3/2022,TRUE,15:28,,2
5/3/2022,TRUE,12:49,,1
5/3/2022,TRUE,9:09,,1
5/2/2022,TRUE,9:02,,2
5/3/2022,TRUE,11:27,,2
5/3/2022,TRUE,14:25,,1
5/4/2022,TRUE,16:36,,2
5/3/2022,TRUE,8:45,12:56,2
5/6/2022,TRUE,14:54,,3
5/3/2022,TRUE,9:10,,1
5/3/2022,TRUE,18:02,,2
5/2/2022,TRUE,13:09,,2
5/4/2022,TRUE,9:33,,3
5/3/2022,TRUE,10:07,20:42,3
5/6/2022,TRUE,9:24,,3
5/5/2022,TRUE,9:27,,3
5/2/2022,TRUE,14:53,,1
5/6/2022,TRUE,12:02,,2
5/3/2022,TRUE,13:32,,1
5/2/2022,TRUE,11:02,,2
5/5/2022,TRUE,14:44,,3
5/3/2022,TRUE,16:44,,3
5/6/2022,TRUE,13:19,,1
5/2/2022,TRUE,8:56,,2
5/3/2022,TRUE,20:14,,3
5/5/2022,TRUE,17:07,,2
5/5/2022,TRUE,10:05,,3
5/5/2022,TRUE,19:58,,3
5/2/2022,TRUE,17:56,,1
5/4/2022,TRUE,12:38,20:26,3
5/4/2022,TRUE,11:41,,3
5/3/2022,TRUE,19:47,,3
5/3/2022,TRUE,13:23,,2
5/5/2022,TRUE,10:38,,1
5/2/2022,TRUE,14:46,,3
5/5/2022,TRUE,16:40,,1
5/3/2022,TRUE,16:48,,3
5/5/2022,TRUE,16:51,,1
5/6/2022,TRUE,12:01,,3
5/3/2022,TRUE,14:18,,3
5/6/2022,TRUE,8:08,,1
5/2/2022,TRUE,12:29,,3
5/6/2022,TRUE,20:02,,2
5/6/2022,TRUE,20:10,,1
5/5/2022,TRUE,18:37,,2
5/6/2022,TRUE,10:20,,3
5/3/2022,TRUE,9:52,,2
5/4/2022,TRUE,18:04,,1
5/3/2022,TRUE,16:41,,3
5/3/2022,TRUE,10:37,,1
5/2/2022,TRUE,8:05,,1
5/5/2022,TRUE,12:17,10:15,3
5/2/2022,TRUE,,,0
5/4/2022,TRUE,15:11,,2
5/3/2022,TRUE,19:48,,2
5/6/2022,TRUE,16:42,,3
5/5/2022,TRUE,18:54,18:49,2
5/3/2022,TRUE,9:02,,3
5/6/2022,TRUE,17:30,,2
5/3/2022,TRUE,14:43,,3
5/3/2022,TRUE,15:09,,3
5/4/2022,TRUE,9:16,,3
5/2/2022,TRUE,12:25,,1
5/5/2022,TRUE,19:00,,1
5/6/2022,TRUE,18:47,,2
5/6/2022,TRUE,12:50,19:14,2
5/2/2022,TRUE,19:30,,2
5/3/2022,TRUE,8:17,15:15,3
5/3/2022,TRUE,16:15,,2
5/4/2022,TRUE,9:15,,2
5/3/2022,TRUE,9:31,14:04,2
5/4/2022,TRUE,,,0
5/2/2022,TRUE,18:09,,3
5/5/2022,TRUE,11:55,,2
5/2/2022,TRUE,13:51,14:44,1
5/4/2022,TRUE,11:11,12:23,2
5/4/2022,TRUE,14:56,,2
5/5/2022,TRUE,8:47,,2
5/6/2022,TRUE,18:34,,3
5/2/2022,TRUE,20:08,,2
5/2/2022,TRUE,10:43,,3
5/2/2022,TRUE,14:14,,1
5/4/2022,TRUE,20:30,,3
5/6/2022,TRUE,12:26,,2
5/5/2022,TRUE,15:26,,3
5/3/2022,TRUE,10:06,,1
5/2/2022,TRUE,8:05,,3
5/3/2022,TRUE,17:59,,2
5/5/2022,TRUE,15:51,,3
5/3/2022,TRUE,9:58,,2
5/6/2022,TRUE,19:12,,3
5/5/2022,TRUE,12:51,,2
5/5/2022,TRUE,17:19,,3
5/5/2022,TRUE,9:07,,1
5/6/2022,TRUE,19:08,,2
5/4/2022,TRUE,20:49,,3
5/4/2022,TRUE,19:20,,1
5/2/2022,TRUE,12:43,,1
5/6/2022,TRUE,17:59,,3
5/4/2022,TRUE,10:09,,2
5/3/2022,TRUE,12:48,,3
5/5/2022,TRUE,10:13,,1
5/3/2022,TRUE,13:29,,1
5/5/2022,TRUE,,,0
5/6/2022,TRUE,13:26,,2
5/3/2022,TRUE,17:27,,3
5/2/2022,TRUE,16:43,,1
5/4/2022,TRUE,11:21,,3
5/5/2022,TRUE,11:22,,3
5/4/2022,TRUE,14:55,,3
5/5/2022,TRUE,14:58,,3
5/3/2022,TRUE,18:10,,2
5/6/2022,TRUE,19:02,,2
5/5/2022,TRUE,15:42,,2
5/4/2022,TRUE,19:56,,3
5/6/2022,TRUE,,,0
5/4/2022,TRUE,16:41,,2
5/5/2022,TRUE,13:09,,2
5/2/2022,TRUE,15:17,,2
5/5/2022,TRUE,16:12,,2
5/3/2022,TRUE,15:58,11:18,2
5/6/2022,TRUE,16:45,,1
5/5/2022,TRUE,13:00,,1
5/3/2022,TRUE,16:37,,1
5/3/2022,TRUE,18:56,19:23,2
5/3/2022,TRUE,19:03,,3
5/4/2022,TRUE,14:22,,1
5/6/2022,TRUE,17:44,,3
5/4/2022,TRUE,11:56,,2
5/2/2022,TRUE,9:09,,2
5/2/2022,TRUE,10:28,,3
5/5/2022,TRUE,19:45,,3
5/6/2022,TRUE,14:15,,1
5/4/2022,TRUE,,,0
5/5/2022,TRUE,15:25,,2
5/4/2022,TRUE,13:15,,3
5/4/2022,TRUE,13:29,,3
5/2/2022,TRUE,19:30,,1
5/3/2022,TRUE,14:47,,2
5/3/2022,TRUE,9:11,,1
5/5/2022,TRUE,16:13,,1
5/5/2022,TRUE,13:26,18:12,2
5/5/2022,TRUE,10:32,12:20,3
5/5/2022,TRUE,19:12,,1
5/6/2022,TRUE,12:16,,3
5/3/2022,TRUE,12:45,,3
5/4/2022,TRUE,13:53,,1
5/3/2022,TRUE,8:12,,3
5/6/2022,TRUE,18:51,,3
5/2/2022,TRUE,18:29,,1
5/6/2022,TRUE,14:34,,1
5/5/2022,TRUE,17:33,,2
5/5/2022,TRUE,10:08,,1
5/4/2022,TRUE,19:48,,3
5/6/2022,TRUE,10:19,,2
5/5/2022,TRUE,20:14,,1
5/3/2022,TRUE,13:55,,1
5/3/2022,TRUE,11:58,,2
5/4/2022,TRUE,18:36,,2
5/5/2022,TRUE,9:56,,3
5/4/2022,TRUE,19:32,17:54,2
5/6/2022,TRUE,12:37,,2
5/3/2022,TRUE,,,0
5/4/2022,TRUE,19:26,,2
5/6/2022,TRUE,11:44,,1
5/6/2022,TRUE,14:00,,2
5/6/2022,TRUE,19:27,,2
5/6/2022,TRUE,19:14,,3
5/6/2022,TRUE,19:00,13:17,2
5/6/2022,TRUE,10:43,,2
5/5/2022,TRUE,11:11,,1
5/4/2022,TRUE,8:41,,3
5/6/2022,TRUE,18:28,13:58,3
5/6/2022,TRUE,16:11,,2
5/3/2022,TRUE,19:22,,3
5/5/2022,TRUE,8:34,,3
5/4/2022,TRUE,17:33,,3
5/4/2022,TRUE,20:25,,2
5/4/2022,TRUE,14:34,,1
5/3/2022,TRUE,14:00,,1
5/2/2022,TRUE,10:08,,3
5/6/2022,TRUE,14:48,,1
5/2/2022,TRUE,17:02,,1
5/6/2022,TRUE,11:27,14:11,2
5/3/2022,TRUE,9:53,22:04,3
5/2/2022,TRUE,8:06,,3
5/4/2022,TRUE,10:10,,1
5/5/2022,TRUE,20:26,18:15,2
5/4/2022,TRUE,17:36,,1
5/6/2022,TRUE,11:48,,1
5/4/2022,TRUE,14:52,,3
5/3/2022,TRUE,17:55,,3
5/6/2022,TRUE,16:16,,2
5/4/2022,TRUE,19:47,,2
5/4/2022,TRUE,12:12,,2
5/5/2022,TRUE,9:08,,2
5/4/2022,TRUE,,,0
5/5/2022,TRUE,10:20,,1
5/3/2022,TRUE,14:55,,3
5/5/2022,TRUE,8:59,,1
5/6/2022,TRUE,17:30,,3
5/4/2022,TRUE,10:47,,2
5/6/2022,TRUE,19:07,,3
5/2/2022,TRUE,19:28,,1
5/6/2022,TRUE,17:20,,3
5/5/2022,TRUE,14:49,,3
5/3/2022,TRUE,,20:28,0
5/6/2022,TRUE,10:20,22:34,3
5/2/2022,TRUE,19:03,,3
5/6/2022,TRUE,8:30,,2
5/5/2022,TRUE,13:28,,1
5/5/2022,TRUE,11:04,,3
5/5/2022,TRUE,17:36,,3
5/6/2022,TRUE,11:10,,3
5/2/2022,TRUE,12:17,19:41,3
5/3/2022,TRUE,16:58,,2
5/5/2022,TRUE,8:09,,1
5/5/2022,TRUE,20:18,,1
5/6/2022,TRUE,16:21,,1
5/5/2022,TRUE,15:47,,3
5/6/2022,TRUE,16:53,,3
5/3/2022,TRUE,9:10,,3
5/3/2022,TRUE,15:42,,2
5/5/2022,TRUE,14:43,,2
5/4/2022,TRUE,20:45,,3
5/4/2022,TRUE,16:41,,1
5/5/2022,TRUE,12:37,,2
5/6/2022,TRUE,15:45,,1
5/6/2022,TRUE,11:55,,3
5/3/2022,TRUE,15:19,,2
5/6/2022,TRUE,19:36,,1
5/6/2022,TRUE,12:17,,2
5/6/2022,TRUE,15:29,,1
5/6/2022,TRUE,8:15,,1
5/6/2022,TRUE,17:56,,3
5/4/2022,TRUE,,19:32,0
5/5/2022,TRUE,10:49,20:59,2
5/3/2022,TRUE,14:05,,3
5/4/2022,TRUE,16:57,,2
5/2/2022,TRUE,12:16,21:49,1
5/6/2022,TRUE,11:43,,2
5/6/2022,TRUE,8:06,,2
5/3/2022,TRUE,11:40,,3
5/3/2022,TRUE,8:35,,3
5/6/2022,TRUE,9:33,,3
5/3/2022,TRUE,13:47,15:08,1
5/2/2022,TRUE,15:51,,2
5/3/2022,TRUE,9:14,,2
5/4/2022,TRUE,12:46,,2
5/5/2022,TRUE,13:42,,1
5/2/2022,TRUE,18:23,,3
5/4/2022,TRUE,19:54,,3
5/5/2022,TRUE,19:49,,2
5/5/2022,TRUE,12:16,,3
5/4/2022,TRUE,9:45,,2
5/6/2022,TRUE,19:57,,1
5/4/2022,TRUE,13:40,,3
5/2/2022,TRUE,15:12,,3
5/2/2022,TRUE,16:53,,1
5/3/2022,TRUE,11:30,,1
5/2/2022,TRUE,20:30,,1
5/5/2022,TRUE,9:56,,3
5/5/2022,TRUE,17:08,,1
5/3/2022,TRUE,17:04,,3
5/3/2022,TRUE,8:14,,1
5/6/2022,TRUE,17:58,,1
5/6/2022,TRUE,16:35,,1
5/5/2022,TRUE,19:05,,2
5/4/2022,TRUE,15:29,,2
5/2/2022,TRUE,16:09,,2
5/6/2022,TRUE,20:25,10:45,2
5/6/2022,TRUE,9:08,,1
5/3/2022,TRUE,18:10,,1
5/4/2022,TRUE,14:15,,1
5/2/2022,TRUE,12:49,,3
5/4/2022,TRUE,16:13,,1
5/4/2022,TRUE,11:44,,2
5/5/2022,TRUE,17:33,15:37,1
5/4/2022,TRUE,11:34,,3
5/4/2022,TRUE,11:55,,1
5/4/2022,TRUE,16:28,,3
5/2/2022,TRUE,15:26,,1
5/4/2022,TRUE,16:15,,2
5/3/2022,TRUE,13:51,,1
5/6/2022,TRUE,13:32,,3
5/5/2022,TRUE,20:43,,1
5/3/2022,TRUE,17:13,,2
5/3/2022,TRUE,9:42,,1
5/4/2022,TRUE,11:56,,3
5/4/2022,TRUE,9:50,,1
5/4/2022,TRUE,18:33,,1
5/4/2022,TRUE,12:05,,1
5/3/2022,TRUE,9:43,,1
5/2/2022,TRUE,8:15,,1
5/6/2022,TRUE,17:59,,3
5/4/2022,TRUE,18:27,,1
5/4/2022,TRUE,11:03,,3
5/5/2022,TRUE,14:02,,3
5/3/2022,TRUE,15:31,,2
5/4/2022,TRUE,16:54,,2
5/6/2022,TRUE,15:20,,3
5/5/2022,TRUE,15:58,,3
5/4/2022,TRUE,11:40,,3
5/3/2022,TRUE,8:22,,1
5/4/2022,TRUE,13:47,,3
5/5/2022,TRUE,20:43,,2
5/2/2022,TRUE,20:10,,1
5/6/2022,TRUE,20:45,,2
5/2/2022,TRUE,9:57,,2
5/2/2022,TRUE,18:22,,2
5/6/2022,TRUE,9:47,,2
5/3/2022,TRUE,17:16,,3
5/6/2022,TRUE,16:27,,2
5/3/2022,TRUE,15:00,,3
5/6/2022,TRUE,8:46,,2
5/6/2022,TRUE,12:18,,1
